image_name,scene_type,scene_confidence,predicted_lat,predicted_lon
1203923296738984.jpg,total,0.7623449274101404,45.843101501464844,-115.88483428955078
145232654232366.jpg,total,0.5060957395835999,37.74259567260742,-99.30339050292969
150787090285906.jpg,total,0.790854577830828,38.312747955322266,-108.67279815673828
169487858298748.jpg,total,0.9896517145816617,43.22305679321289,-116.60456085205078
215798546665447.jpg,total,0.5242053109138851,46.09804153442383,-113.1771469116211
2612351932404773.jpg,total,0.6206805666951993,43.0046501159668,-118.74813842773438
2832114080376950.jpg,total,0.9770825214465617,36.17090606689453,-110.32972717285156
299955278568523.jpg,total,0.9210684959824675,42.657005310058594,-114.68717956542969
317506596396563.jpg,total,0.7401208745770873,42.2446403503418,-107.06986999511719
478281856744811.jpg,total,0.5285815089642654,39.503448486328125,-107.14523315429688
478841463395798.jpg,total,0.5122547989892476,35.119014739990234,-96.24357604980469
505295723835542.jpg,total,0.9990325263873605,40.47676086425781,-116.97637176513672
505705540558809.jpg,total,0.5303471180120596,38.872013092041016,-100.09569549560547
554091212708318.jpg,total,0.8628067900763767,42.54631423950195,-119.89415740966797
578328956630844.jpg,total,0.8795464197605725,41.72245788574219,-114.3759765625
1003939840139702.jpg,total,0.5109195769488011,44.05270004272461,-118.59611511230469
1008727043144931.jpg,total,0.9472709069140066,41.7377815246582,-110.73588562011719
1009519409767042.jpg,total,0.7785920134007664,40.848785400390625,-108.70938110351562
1020228968723178.jpg,total,0.8512318247233566,40.57050704956055,-113.88104248046875
1020929241644283.jpg,total,0.818382842907392,36.67485427856445,-101.21483612060547
1027242117806622.jpg,total,0.5169135406104477,37.361785888671875,-99.9416275024414
1037730216633894.jpg,total,0.7444885113268072,42.5759391784668,-106.15019226074219
1042904926239116.jpg,total,0.9325820254374442,43.19409942626953,-111.40225982666016
1070731103450526.jpg,total,0.5154094042430017,47.58806610107422,-114.19586181640625
1075416639619677.jpg,total,0.5390736785439003,45.803260803222656,-109.85013580322266
108209411325019.jpg,total,0.5459526537536306,46.06597137451172,-111.05267333984375
1090777124746751.jpg,total,0.8848119025587593,40.424232482910156,-111.56787872314453
109798421195650.jpg,total,0.5192075588657499,47.10855484008789,-113.67378234863281
1098938263935101.jpg,total,0.714511721547737,38.92191696166992,-102.31439971923828
1102457546942503.jpg,total,0.7054227533433846,43.16298294067383,-113.57102966308594
1123183324830250.jpg,total,0.5516664643378135,46.8974723815918,-112.98880004882812
1125435687953164.jpg,total,0.6750894054152354,41.522010803222656,-106.43951416015625
1128667210933502.jpg,total,0.9652594827401444,41.77765655517578,-114.47911071777344
1128995854270564.jpg,total,0.9693275035984694,39.128082275390625,-107.27864837646484
1130432587818382.jpg,total,0.8237613487685564,38.0456428527832,-99.18133544921875
1136531003510219.jpg,total,0.8087586664425714,39.927982330322266,-109.95172119140625
1136767606797868.jpg,total,0.9393382185503789,41.31084442138672,-117.00154876708984
1145010212603776.jpg,total,0.9658194822400326,43.118408203125,-104.5269546508789
1148612268912231.jpg,total,0.5181617602270308,46.8974723815918,-112.98880004882812
1150321545442029.jpg,total,0.9500068567912763,39.50764465332031,-109.80256652832031
1152008801912627.jpg,total,0.9460713996726451,36.013328552246094,-96.7040786743164
115663573892336.jpg,total,0.6223477617771778,43.66056823730469,-113.76512908935547
1158379857972967.jpg,total,0.9105924415767621,38.37209701538086,-105.67619323730469
1161581634280389.jpg,total,0.5104889869141047,44.93606185913086,-116.30366516113281
1165161207333452.jpg,total,0.5300561097234748,45.54649353027344,-115.2241439819336
116518544452918.jpg,total,0.8643905494350008,42.027183532714844,-103.1119613647461
1165722567209325.jpg,total,0.9420980479784404,39.69002914428711,-110.19103240966797
1166864147072635.jpg,total,0.6901128913830803,45.62445068359375,-109.4516372680664
1182603545514641.jpg,total,0.7558163431284015,44.85899353027344,-111.61925506591797
1189859038513332.jpg,total,0.7322032175187871,38.032066345214844,-99.9677505493164
1190010378104522.jpg,total,0.5463242483910449,46.018062591552734,-112.18186950683594
1190988281346681.jpg,total,0.562335970450011,40.94879150390625,-109.00218963623047
1193408007796158.jpg,total,0.5448664211464376,41.57570266723633,-109.9915771484375
1196187444195554.jpg,total,0.902753630870194,40.684898376464844,-111.64730072021484
1198551720600194.jpg,total,0.8002477347340289,41.1381721496582,-104.531494140625
1207384393046145.jpg,total,0.524468571094971,46.94490051269531,-115.57251739501953
121008660023606.jpg,total,0.5449822198977046,45.22427749633789,-117.71644592285156
1218976255189130.jpg,total,0.8863416209343633,42.514007568359375,-107.9664535522461
1223770118084227.jpg,total,0.8724165320978727,46.03076171875,-114.93778228759766
1225178271272812.jpg,total,0.554979179417785,46.31452178955078,-113.6236801147461
1229320277861013.jpg,total,0.5830478891152353,34.58429718017578,-96.25495147705078
1229650370837478.jpg,total,0.8636304027921362,43.2158317565918,-106.25202941894531
1237190016720133.jpg,total,0.5727832863769038,47.659061431884766,-113.70098876953125
124774776309489.jpg,total,0.9267337052061233,40.06293869018555,-113.6072998046875
1256678644812425.jpg,total,0.9421721336931057,42.134437561035156,-107.0119857788086
1277313672999744.jpg,total,0.9092823448913734,43.93875503540039,-114.60823059082031
129485115785647.jpg,total,0.5678809455602618,46.62038803100586,-112.0411605834961
1301340723951839.jpg,total,0.6909345574927528,43.9815559387207,-111.99446868896484
130161769148907.jpg,total,0.9267060746822366,39.81861877441406,-111.35376739501953
1301920873548640.jpg,total,0.8686527884547068,43.20921325683594,-109.04316711425781
1302630900130555.jpg,total,0.8247844940253692,39.154075622558594,-101.46736907958984
130748632418046.jpg,total,0.7149246527284738,37.28749084472656,-102.18861389160156
1309206499839027.jpg,total,0.5604889767625991,44.01738739013672,-118.44035339355469
131755432221186.jpg,total,0.5218932445940823,46.776634216308594,-112.83768463134766
134754115358163.jpg,total,0.86180386630339,46.01811981201172,-109.50881958007812
134966548655434.jpg,total,0.7148554252374879,43.42781066894531,-107.26519012451172
135498515231000.jpg,total,0.7163137734860641,45.03261947631836,-114.0645980834961
1363787733992466.jpg,total,0.8737165439221641,41.808937072753906,-112.82772827148438
136492768454034.jpg,total,0.6837241551712339,46.2411003112793,-112.25529479980469
1368651643516051.jpg,total,0.7505755829131715,40.2896614074707,-102.02848052978516
137216588426407.jpg,total,0.9495865292217189,44.976600646972656,-108.4671630859375
137305631767576.jpg,total,0.5957507625035703,37.67791748046875,-103.72237396240234
137664588409710.jpg,total,0.7093019822623319,43.360233306884766,-111.66883087158203
1377427002657483.jpg,total,0.9789892938490254,42.50189208984375,-113.51498413085938
138245554913090.jpg,total,0.9345082509043614,38.678924560546875,-111.6168441772461
138743638239714.jpg,total,0.7895708564829533,43.986114501953125,-113.20204162597656
1388305311528795.jpg,total,0.5681351895360791,42.436161041259766,-111.38642883300781
139772781504618.jpg,total,0.749280313946965,40.41721725463867,-104.00833129882812
140156738082536.jpg,total,0.5696066574101053,45.20319366455078,-114.29827117919922
140379704771331.jpg,total,0.5351086199202086,40.35856628417969,-107.73200225830078
1408792646125693.jpg,total,0.9301250756536064,39.341007232666016,-104.12145233154297
1415191132182787.jpg,total,0.5190458439962526,45.279869079589844,-114.9302749633789
1416494918700604.jpg,total,0.9157215376057586,41.267154693603516,-105.41292572021484
141886174587522.jpg,total,0.5101485125962242,44.12735366821289,-116.5765380859375
1428272760842442.jpg,total,0.5227173600987953,46.360652923583984,-115.93550109863281
1431631297352981.jpg,total,0.6636439827374261,46.08700180053711,-114.7829818725586
1434755803677438.jpg,total,0.7092989529073392,42.126529693603516,-111.91515350341797
1458208144597759.jpg,total,0.5224056712099667,42.74952697753906,-108.23888397216797
146639460761542.jpg,total,0.7096356560193939,41.393646240234375,-103.74952697753906
146909783991467.jpg,total,0.515616581123389,41.400943756103516,-110.15342712402344
148455980584014.jpg,total,0.9276848363572014,42.71548843383789,-107.9291763305664
149006290537877.jpg,total,0.901299336037269,38.440311431884766,-104.79297637939453
149579353807118.jpg,total,0.9442437738941223,43.7607421875,-112.10588073730469
150196093712157.jpg,total,0.9358268789744777,42.52537155151367,-105.55577850341797
150347190439043.jpg,total,0.917091471324536,36.422447204589844,-100.24409484863281
150423363721958.jpg,total,0.6068991915649802,35.536590576171875,-96.39169311523438
155619746494035.jpg,total,0.7619328486458414,43.439353942871094,-115.53914642333984
1562077400850018.jpg,total,0.9210023585041327,38.93770217895508,-117.9613037109375
1562205540656900.jpg,total,0.9274062505698044,38.5198860168457,-104.56787872314453
156225159686332.jpg,total,0.7290284939086575,44.340614318847656,-111.48089599609375
156320379717895.jpg,total,0.8199867906775964,41.02505874633789,-115.33055114746094
156667479725342.jpg,total,0.5582000280940349,43.73131561279297,-117.63500213623047
156840943079297.jpg,total,0.9116653610261238,38.62186813354492,-110.74662017822266
156862196376066.jpg,total,0.8775490339612375,36.41065216064453,-109.33102416992188
157372686341913.jpg,total,0.7892602074485318,40.9373893737793,-112.49394989013672
157679602948285.jpg,total,0.5394193339477624,43.945987701416016,-115.92548370361328
1597735147098176.jpg,total,0.9719495459844367,44.8864631652832,-108.07982635498047
1613186369071506.jpg,total,0.6893958758587075,44.4083251953125,-113.34901428222656
161884599714092.jpg,total,0.9495985121938659,40.486270904541016,-111.87181091308594
1628009040739696.jpg,total,0.625182345300118,43.61240768432617,-108.87077331542969
1629956337200143.jpg,total,0.9201868775757518,42.12384033203125,-104.2842025756836
163072045825635.jpg,total,0.8771900203375349,44.782264709472656,-113.77985382080078
163212542383634.jpg,total,0.6304668851945507,42.23366928100586,-107.4736328125
163949778920473.jpg,total,0.8516062641766311,39.97374725341797,-112.13681030273438
164078912388424.jpg,total,0.9088632863499964,40.688560485839844,-112.49517059326172
1642944302743417.jpg,total,0.5204719866439973,40.44195556640625,-101.05500030517578
164909375449677.jpg,total,0.9223031705246072,40.66257095336914,-107.59004211425781
1650212538504601.jpg,total,0.893904771591373,42.588905334472656,-112.19629669189453
1655258068195014.jpg,total,0.7065921565476287,45.9686393737793,-110.61449432373047
166747405915152.jpg,total,0.6360772905015892,39.071468353271484,-102.43912506103516
1668307883368274.jpg,total,0.8775194999309104,42.532196044921875,-106.83812713623047
166886255874086.jpg,total,0.7041610845884421,43.34986114501953,-107.99846649169922
1674759016247191.jpg,total,0.5931927264646504,45.26375961303711,-111.85887145996094
167783115279819.jpg,total,0.6966285277197812,41.59107208251953,-109.49739074707031
1681744848700189.jpg,total,0.5914500828552605,44.59339141845703,-114.0372085571289
170114945041676.jpg,total,0.96528451924096,38.75846481323242,-104.8847885131836
170744811607661.jpg,total,0.7415936328803809,42.3965950012207,-115.4378433227539
172560704664867.jpg,total,0.5375656114811136,44.20692825317383,-113.18252563476562
1729476887256377.jpg,total,0.71037839235359,43.495296478271484,-114.79792785644531
172962368064324.jpg,total,0.8956390410214965,43.229854583740234,-107.6560287475586
174681221186786.jpg,total,0.8144822209264788,43.70198059082031,-112.96614837646484
175625987805845.jpg,total,0.7812237814742504,35.4882698059082,-98.02972412109375
1761629080673743.jpg,total,0.5517031874645681,46.369712829589844,-112.55093383789062
178009980861737.jpg,total,0.9430451401204252,38.55559539794922,-111.69377136230469
178254034165342.jpg,total,0.7631691502072329,46.465694427490234,-110.05426788330078
178424667509063.jpg,total,0.7943692934817008,46.19541931152344,-114.79093933105469
1785111338338064.jpg,total,0.5157736845185426,43.890010833740234,-113.50465393066406
179266590743609.jpg,total,0.5425102937481707,45.01510238647461,-111.17768859863281
1804269533089774.jpg,total,0.8969830658909359,42.825965881347656,-108.95309448242188
181751463796960.jpg,total,0.5745500753797614,44.13706970214844,-112.34589385986328
182065760431828.jpg,total,0.8011412618692901,44.33681106567383,-111.49775695800781
182146333760683.jpg,total,0.9225601895967923,40.6300163269043,-103.85990142822266
183882970666296.jpg,total,0.6004067004487013,40.28963088989258,-100.12771606445312
1842789515885844.jpg,total,0.9026609473835094,41.990821838378906,-117.55150604248047
1858433417654408.jpg,total,0.5101661377566131,44.91838455200195,-114.03878021240234
1862270240621510.jpg,total,0.5052005418843244,45.330902099609375,-114.8566665649414
186816999933660.jpg,total,0.511348229643886,44.071044921875,-117.32715606689453
1871598136342350.jpg,total,0.5238585927680788,40.33457565307617,-101.68067169189453
187889539870434.jpg,total,0.9385795347604766,38.6190185546875,-112.82246398925781
188471529800360.jpg,total,0.7983590676964099,37.92411804199219,-102.36518859863281
189140576375421.jpg,total,0.5306595738244084,46.23709487915039,-112.36669158935547
189349726384844.jpg,total,0.78137108000006,42.979976654052734,-108.13399505615234
189978456301935.jpg,total,0.5806493954068515,44.9022216796875,-110.64385223388672
1906959939462412.jpg,total,0.9744963483301925,42.37869644165039,-104.89662170410156
190916609562556.jpg,total,0.9842206366063629,36.15325164794922,-113.2960205078125
191235772719124.jpg,total,0.9634960856030652,42.7513542175293,-110.53231048583984
192918792671477.jpg,total,0.5248644557187845,43.02190017700195,-116.94183349609375
194211145885668.jpg,total,0.986439306785893,36.620460510253906,-97.38093566894531
195659919047746.jpg,total,0.6125140232097337,42.60511779785156,-107.09162902832031
197551435536353.jpg,total,0.7180864440168477,41.521514892578125,-110.35984802246094
197793392166988.jpg,total,0.8999244312950623,38.7841682434082,-101.60430145263672
199686971802946.jpg,total,0.9095254921534135,41.513851165771484,-106.29763793945312
200786661680107.jpg,total,0.5408695288026166,45.85736846923828,-114.46794891357422
202911145394466.jpg,total,0.8946210978646931,41.629032135009766,-106.95758819580078
204972104596834.jpg,total,0.5215588634706023,42.86024475097656,-117.56066131591797
2058712057637152.jpg,total,0.6612776080417291,45.07158660888672,-117.0555648803711
205929808042862.jpg,total,0.6483439354073752,45.248046875,-114.20500183105469
206622137752005.jpg,total,0.9322403954395497,42.28049850463867,-118.77080535888672
208644600798461.jpg,total,0.9823933889418122,39.8720817565918,-112.72771453857422
209153220733663.jpg,total,0.8208227575578064,44.958438873291016,-106.18653869628906
2096983233792960.jpg,total,0.5121277751359798,44.487464904785156,-119.16497039794922
211220823884327.jpg,total,0.9129861883484125,42.12331771850586,-112.32693481445312
212287433708022.jpg,total,0.700514336710782,45.78274917602539,-110.78239440917969
2125415930934364.jpg,total,0.7858702342841593,38.50063705444336,-106.4920425415039
213185503948081.jpg,total,0.8718599169729089,42.97489929199219,-110.56907653808594
213692213526222.jpg,total,0.5336181903497135,45.069602966308594,-114.90567016601562
215171320038019.jpg,total,0.5904655468179385,38.78640365600586,-111.71554565429688
215204290129996.jpg,total,0.8507618775208599,40.26311111450195,-113.70063018798828
2164928976976120.jpg,total,0.7331429715573581,41.00664520263672,-100.76679229736328
219050946387773.jpg,total,0.9366664994018183,38.35780334472656,-116.30909729003906
219479716189381.jpg,total,0.9398062562311509,41.90541076660156,-115.37372589111328
219834732988624.jpg,total,0.9226562462377323,37.817832946777344,-101.07222747802734
220341736229659.jpg,total,0.7590857183982749,37.65580749511719,-102.04513549804688
220426442898658.jpg,total,0.6652535043033296,43.70834732055664,-116.91758728027344
221472706445684.jpg,total,0.5674820858604619,42.654327392578125,-108.31778717041016
222732802636448.jpg,total,0.564872780800556,41.862388610839844,-109.5495834350586
224181842460632.jpg,total,0.7743238966450932,40.206573486328125,-106.53488159179688
224904532367257.jpg,total,0.903278385796483,39.39067077636719,-116.34851837158203
227943689134310.jpg,total,0.9362939954496277,42.68865203857422,-107.81964874267578
230599782157653.jpg,total,0.8520667821531784,37.63276672363281,-105.5226821899414
231879115380634.jpg,total,0.883954139951971,36.80055236816406,-109.10147094726562
233059998541832.jpg,total,0.6936500922039102,43.28596115112305,-109.16899108886719
235142625071124.jpg,total,0.5330684787413702,37.281986236572266,-106.91158294677734
235221808291264.jpg,total,0.5248944299283949,44.18510818481445,-114.35475158691406
235651685002396.jpg,total,0.555019649775204,44.67328643798828,-119.4376449584961
2361505233985718.jpg,total,0.5394802998634987,46.273868560791016,-115.52819061279297
2364606323685369.jpg,total,0.9315255554073119,45.4962043762207,-110.52529907226562
240129727904263.jpg,total,0.9343467156046632,38.621952056884766,-113.77111053466797
240259011188225.jpg,total,0.7939174291176769,44.37395477294922,-108.68990325927734
241053261133265.jpg,total,0.7468201014067972,45.127803802490234,-114.33328247070312
245233317372741.jpg,total,0.733281939454173,40.56382369995117,-106.93336486816406
247489790496480.jpg,total,0.5859037028771468,44.624568939208984,-110.69434356689453
248332017043483.jpg,total,0.6643279398659274,40.77975845336914,-106.525390625
250051760225037.jpg,total,0.5349216025342685,45.33563995361328,-113.62960815429688
250879703483067.jpg,total,0.7428824480595608,43.3826904296875,-109.9001235961914
2545684182401735.jpg,total,0.9698202125370763,40.20962905883789,-105.2684326171875
255301699725730.jpg,total,0.6419453653865901,41.780426025390625,-108.18241882324219
2566259150165189.jpg,total,0.65007293979275,42.891971588134766,-106.42325592041016
2566416743664447.jpg,total,0.5596396919322046,42.97815704345703,-112.06683349609375
2589034848068778.jpg,total,0.9466136326623484,42.89496612548828,-106.29898071289062
259896242501041.jpg,total,0.8504800511915676,42.10934066772461,-107.53118896484375
260599409125265.jpg,total,0.8859834604385242,44.30219268798828,-109.75273132324219
2608151772817919.jpg,total,0.5424914668986105,46.197364807128906,-109.92794036865234
263743235536726.jpg,total,0.9379337326920307,41.99724197387695,-116.9715805053711
264798412097186.jpg,total,0.9510886258517779,37.68069839477539,-102.36084747314453
2648893185410689.jpg,total,0.5266493408951476,44.911563873291016,-114.34310150146484
265326388629702.jpg,total,0.5420593621664693,46.89747619628906,-112.98880004882812
268572151628160.jpg,total,0.9411734759455044,35.57249450683594,-109.99955749511719
269751261546861.jpg,total,0.8585293669432872,39.75956726074219,-110.50334930419922
270211391484747.jpg,total,0.9036188505163523,41.10366439819336,-105.10391235351562
2703873893237775.jpg,total,0.5432583765010008,43.13547134399414,-115.91394805908203
271187858068063.jpg,total,0.9580273150414449,41.605220794677734,-104.10305786132812
271938461277457.jpg,total,0.6142822191590085,45.28986358642578,-116.85456848144531
273506457619234.jpg,total,0.6198427354756291,44.59828186035156,-107.88787078857422
274109531066394.jpg,total,0.5164556457543199,43.47758483886719,-113.2685775756836
274703441015618.jpg,total,0.9173840811993337,36.740142822265625,-113.02726745605469
275194417601196.jpg,total,0.8135845526856684,42.01165771484375,-109.29396057128906
2754884564728883.jpg,total,0.932586353271212,43.8380241394043,-111.92281341552734
277301707447651.jpg,total,0.8459309794535219,40.6524543762207,-107.31454467773438
2773759462934582.jpg,total,0.5615464439379281,37.517242431640625,-95.30249786376953
278158097366387.jpg,total,0.9192772796515953,40.293296813964844,-101.73063659667969
278305027359452.jpg,total,0.9608195944971492,41.770816802978516,-104.69628143310547
2808572732699622.jpg,total,0.6886394201493644,41.87753677368164,-101.59700012207031
282470903532553.jpg,total,0.5122519537003072,44.903900146484375,-116.13168334960938
2825072077747942.jpg,total,0.5833548803728945,43.19680404663086,-109.37882232666016
282753083557780.jpg,total,0.5716654106454371,46.79146957397461,-112.88441467285156
282832653547098.jpg,total,0.6050951212730649,42.68260192871094,-110.5743179321289
2828516117410969.jpg,total,0.736544027352231,43.70834732055664,-116.91758728027344
283634500079052.jpg,total,0.7571206117843765,39.79408264160156,-112.03308868408203
283725476716185.jpg,total,0.9105134278454479,39.342655181884766,-110.47142791748047
2853165064943108.jpg,total,0.5396734231535021,46.90243148803711,-113.0264892578125
2853794301529916.jpg,total,0.8132007047542942,40.845821380615234,-109.44367980957031
2856938857956584.jpg,total,0.9612271481924513,39.44504165649414,-106.82655334472656
2864806453775102.jpg,total,0.5542817208232691,42.59029006958008,-114.33875274658203
287207806219863.jpg,total,0.8513983447392093,43.937896728515625,-111.41130828857422
2874415336156266.jpg,total,0.7215425507189366,44.23906707763672,-104.61450958251953
287463762930408.jpg,total,0.5273402542742929,45.418697357177734,-114.44257354736328
287629332996397.jpg,total,0.5739014294315439,46.98286437988281,-113.18315124511719
2879101189003522.jpg,total,0.7265748259045068,45.197715759277344,-114.61029815673828
288027366354153.jpg,total,0.5876536487465103,44.0859375,-116.7796630859375
2882383452027230.jpg,total,0.5225298675040122,40.83302307128906,-107.52960968017578
2885702581757364.jpg,total,0.6075994996139116,43.51677703857422,-108.17323303222656
288794172893650.jpg,total,0.7344826798382371,41.02619552612305,-110.15948486328125
2887950804830963.jpg,total,0.8605422504423359,43.69953155517578,-114.13809204101562
289443676172236.jpg,total,0.8846009259417507,42.90522766113281,-106.37348175048828
290159472849359.jpg,total,0.6100165749146527,37.063758850097656,-101.10385131835938
290192912709192.jpg,total,0.7892168352958038,45.43376922607422,-107.31432342529297
2903195819998025.jpg,total,0.6287749147835484,41.62325668334961,-101.85738372802734
290385732633435.jpg,total,0.5259835616564068,46.982749938964844,-113.39269256591797
2905226056417355.jpg,total,0.5307597803964086,42.63638687133789,-110.09970092773438
2905536586328640.jpg,total,0.8348135682147584,39.61994171142578,-110.05316925048828
2911828769092953.jpg,total,0.9131199880799428,39.31549835205078,-100.09449768066406
291206655804380.jpg,total,0.5229488092109307,43.66682815551758,-117.07260131835938
292194002395551.jpg,total,0.9513426060416101,39.149391174316406,-110.13327026367188
292434365705412.jpg,total,0.5154570320543428,44.75190734863281,-116.89529418945312
292694135758082.jpg,total,0.5276028003483404,45.33089828491211,-114.8566665649414
2929280270657384.jpg,total,0.6717576424292844,47.602745056152344,-113.68092346191406
293191845620962.jpg,total,0.9488381037332019,42.846561431884766,-111.52254486083984
293536132469156.jpg,total,0.8309722374722419,37.9066047668457,-108.66374969482422
293578722299391.jpg,total,0.9572723869246202,39.209144592285156,-106.06484985351562
2936402580020418.jpg,total,0.6404660052940017,45.313629150390625,-114.00640869140625
294420085565695.jpg,total,0.8443773776291472,39.319854736328125,-103.74199676513672
2944468225825386.jpg,total,0.6587938075284114,40.74402618408203,-117.11309814453125
2946733598944575.jpg,total,0.8989875136575378,40.49240493774414,-108.36373901367188
2948103112103079.jpg,total,0.746558187710562,38.521217346191406,-105.24267578125
2951917395041061.jpg,total,0.8498650621392336,42.8601188659668,-110.73094177246094
2951940921692092.jpg,total,0.9056710682333105,36.410648345947266,-109.33102416992188
295297765561662.jpg,total,0.6934223640547543,44.72348403930664,-116.75421142578125
295301572241072.jpg,total,0.9758346383912144,36.59791946411133,-115.41817474365234
295326925417885.jpg,total,0.8182798262315174,44.2005615234375,-109.3641128540039
295392375493623.jpg,total,0.9575573432947557,42.656494140625,-106.66227722167969
295931325517978.jpg,total,0.5677342694697245,40.68621826171875,-111.38755798339844
2963132500617352.jpg,total,0.5118217705959864,45.490604400634766,-115.51837921142578
296317091872672.jpg,total,0.5573797578790476,43.705509185791016,-109.1878890991211
2972055029695050.jpg,total,0.8903370805777229,42.00006866455078,-117.0063705444336
297298742061726.jpg,total,0.8651034728040017,40.622283935546875,-111.16141510009766
297423915186193.jpg,total,0.9326025601296806,42.436161041259766,-111.38642883300781
2978804462389162.jpg,total,0.5264636650250623,44.38800048828125,-116.53132629394531
2982140185365787.jpg,total,0.8287946103611432,41.638187408447266,-114.18872833251953
298276308342320.jpg,total,0.9663575131541715,35.486785888671875,-109.49369049072266
298381448685617.jpg,total,0.5127284601653268,35.02584457397461,-98.9057846069336
298918911783698.jpg,total,0.537206199903892,44.83772277832031,-115.05847930908203
2989717127952336.jpg,total,0.9689339230341574,37.35115432739258,-117.12631225585938
3003483499870423.jpg,total,0.6078489525435486,39.07276916503906,-103.00863647460938
3005886173033771.jpg,total,0.5186438831041542,46.17427444458008,-111.0807876586914
3013566278901862.jpg,total,0.5124693602020329,45.669349670410156,-111.8523178100586
301764624875642.jpg,total,0.7578164506707026,44.71619415283203,-119.51261901855469
302272908109015.jpg,total,0.5728977289241755,37.54242706298828,-98.45684814453125
302384891350169.jpg,total,0.8379568821350034,38.63874435424805,-110.96454620361328
302698154757429.jpg,total,0.5722261377983386,46.040435791015625,-114.84161376953125
302894258086992.jpg,total,0.5278606869111817,38.733612060546875,-103.62565612792969
303262034573245.jpg,total,0.7664226205211406,42.3468017578125,-109.81643676757812
303296991202850.jpg,total,0.5212412351059683,45.45954895019531,-114.5085678100586
303694274459268.jpg,total,0.6252987326110429,43.66475296020508,-106.98018646240234
303854124662180.jpg,total,0.5047008826481694,35.86201095581055,-96.12033081054688
304179544572832.jpg,total,0.5442396226264918,45.55363464355469,-117.21472930908203
304181847888712.jpg,total,0.5568186807907125,47.35641098022461,-113.47342681884766
3050101458552302.jpg,total,0.6556191604482535,45.48088073730469,-114.39276885986328
305041971021394.jpg,total,0.9615238253909872,43.593685150146484,-107.53678131103516
305512387855011.jpg,total,0.5298206191296231,34.291873931884766,-96.1092758178711
306736017525970.jpg,total,0.574033863805198,41.283058166503906,-100.9696044921875
306894631081768.jpg,total,0.8582295736819106,40.00496292114258,-115.97665405273438
306920301112708.jpg,total,0.5093570624919934,44.72334289550781,-117.85263061523438
307708737746604.jpg,total,0.9580604008786349,38.05289840698242,-113.23107147216797
3078240262405782.jpg,total,0.5239177932148777,41.06886291503906,-108.87078857421875
307966921049942.jpg,total,0.9557363984464473,39.03843688964844,-113.37852478027344
3080846668809785.jpg,total,0.6076609491964007,39.54907989501953,-101.21438598632812
308972514119995.jpg,total,0.871978201324513,39.95449447631836,-110.2535171508789
3098505617049987.jpg,total,0.9566475907125849,36.288089752197266,-114.86914825439453
309971140643666.jpg,total,0.9635841557878138,44.12767791748047,-106.99435424804688
309978264092166.jpg,total,0.7109692780699888,39.74848175048828,-101.51187896728516
312782200286511.jpg,total,0.7200542816910769,42.490333557128906,-108.6551513671875
3130554673838386.jpg,total,0.5055076186753631,45.39236068725586,-114.9668197631836
313259583545155.jpg,total,0.7396691821994494,40.37803649902344,-107.82246398925781
313930363558880.jpg,total,0.8985483824982694,39.08315658569336,-110.19763946533203
314051636746147.jpg,total,0.5373516239042999,45.62412643432617,-111.2686767578125
315289266845661.jpg,total,0.7237694225973357,38.75839614868164,-102.16867065429688
315472296837524.jpg,total,0.8658052372850591,40.90325927734375,-105.84101867675781
315531760175319.jpg,total,0.9037329962183165,44.075931549072266,-110.19966125488281
316293716686034.jpg,total,0.9448802842417052,41.84263229370117,-109.3807373046875
316768146628272.jpg,total,0.6508085752784609,47.027557373046875,-113.18828582763672
316835663211235.jpg,total,0.7051148941753151,36.22599792480469,-99.42349243164062
317349229888830.jpg,total,0.9386821423188811,40.92430114746094,-112.10918426513672
317692739872434.jpg,total,0.6620824005172494,46.071136474609375,-116.76212310791016
317758903066956.jpg,total,0.6170970662745248,36.51287078857422,-96.36997985839844
318761526382153.jpg,total,0.6948807815779787,41.871482849121094,-103.12100982666016
319357422884537.jpg,total,0.7618003825963058,43.17997360229492,-109.48011779785156
319657209576136.jpg,total,0.8060561347304258,43.24295425415039,-103.97388458251953
320971639459686.jpg,total,0.9758100952089519,36.854209899902344,-114.4418716430664
3220128781543277.jpg,total,0.682471698464866,43.83769226074219,-112.82703399658203
322187299334376.jpg,total,0.5577448047146163,44.35697937011719,-115.66572570800781
323561322483308.jpg,total,0.6153384819727421,43.273460388183594,-110.61631774902344
324316852595138.jpg,total,0.56078149108302,44.28849411010742,-116.58386993408203
329047818565108.jpg,total,0.9621848456286681,36.64137268066406,-101.63746643066406
3310628232501816.jpg,total,0.5288730964400088,41.35230255126953,-103.43281555175781
3332830767041505.jpg,total,0.7468097873088766,43.298580169677734,-113.30059814453125
334379571358585.jpg,total,0.5429259764405288,46.40544128417969,-112.69415283203125
334549871374211.jpg,total,0.9724548992900282,40.714725494384766,-116.95818328857422
3359874080783001.jpg,total,0.7259988923353831,45.024513244628906,-108.26078796386719
336191178095003.jpg,total,0.7123204287246239,37.4658088684082,-108.4762191772461
336918234524063.jpg,total,0.8878428000098921,39.532779693603516,-111.42453002929688
337011167756452.jpg,total,0.6105422454906133,44.80464172363281,-116.56230163574219
338088018537993.jpg,total,0.5798562957415498,42.553958892822266,-106.63406372070312
338711751108255.jpg,total,0.9542491179776125,38.678924560546875,-111.6168441772461
3463985997034860.jpg,total,0.5429458662280808,44.54607009887695,-115.05907440185547
3541743929384144.jpg,total,0.710862066395066,42.54375076293945,-106.16974639892578
3550238895200348.jpg,total,0.8800373801673089,41.15983581542969,-113.38835906982422
3591954991029958.jpg,total,0.7849643898481418,43.04286575317383,-111.77741241455078
360681669155517.jpg,total,0.8211344796303877,40.696651458740234,-107.82805633544922
363444498410934.jpg,total,0.5212782694366922,45.7686653137207,-111.8827133178711
364373468314783.jpg,total,0.5452989236450776,45.106353759765625,-111.28012084960938
364408434994231.jpg,total,0.8261623994834579,44.982154846191406,-107.73988342285156
368089034582636.jpg,total,0.5173238460810978,45.27986145019531,-114.9302749633789
369155487760880.jpg,total,0.6110972653276008,44.62324142456055,-118.53157043457031
370051631029167.jpg,total,0.7685814677630844,43.06026077270508,-106.92068481445312
370432384283304.jpg,total,0.8582367287057338,45.157676696777344,-110.67913818359375
370979477552329.jpg,total,0.6049266604428567,43.29683303833008,-111.14461517333984
372807440692519.jpg,total,0.9228171914949641,41.886634826660156,-106.8924331665039
373612414052034.jpg,total,0.9637117217589688,41.23183822631836,-109.94230651855469
375426917179820.jpg,total,0.8545791406428389,40.41159439086914,-108.47737121582031
376716163578005.jpg,total,0.7844100068632684,45.7985725402832,-107.7684326171875
3768268933300467.jpg,total,0.7172314439723664,41.036865234375,-113.15458679199219
379052266774762.jpg,total,0.9041060842352522,41.40995407104492,-116.07035064697266
3808703375908550.jpg,total,0.8522851985394411,39.199989318847656,-109.52359008789062
380902716506229.jpg,total,0.7606146720794982,40.93134689331055,-104.37419128417969
3830441287011123.jpg,total,0.6832733192352407,37.97013473510742,-117.45768737792969
383171592999923.jpg,total,0.543434906569928,42.19207763671875,-106.93756103515625
384060366607893.jpg,total,0.5984531504219603,45.919437408447266,-116.90670013427734
3844800982234188.jpg,total,0.939892347755027,41.01485824584961,-103.18504333496094
388075125715259.jpg,total,0.7596484541628854,39.31486892700195,-104.77310943603516
3882784445163019.jpg,total,0.564575078068259,46.671142578125,-112.73792266845703
388714622360189.jpg,total,0.9155061187590476,39.81885528564453,-108.03987884521484
3894537280633283.jpg,total,0.9672438162489172,41.828956604003906,-105.19602966308594
3901639383205733.jpg,total,0.5121813027801068,45.601295471191406,-114.01143646240234
3908925819193046.jpg,total,0.5577800026105164,41.817115783691406,-111.43610382080078
3912001158885517.jpg,total,0.9541931451757506,43.23886489868164,-105.26817321777344
3974374859321449.jpg,total,0.8611360729321333,36.64414978027344,-101.18473815917969
4011756398904411.jpg,total,0.691866581084355,45.010868072509766,-107.27364349365234
4045675595523451.jpg,total,0.748026963221406,43.01062774658203,-108.4358139038086
404743530499053.jpg,total,0.7492896035208929,37.779903411865234,-99.17913818359375
4083042598420257.jpg,total,0.526922868129418,46.817745208740234,-113.84074401855469
4098009453599468.jpg,total,0.5594863863662312,46.488956451416016,-114.57566833496094
4115129385191812.jpg,total,0.8437463535131755,37.14061737060547,-106.01224517822266
4132690363453877.jpg,total,0.6189570729645197,41.985164642333984,-109.06391143798828
4139478492798453.jpg,total,0.7408421004775505,41.100887298583984,-104.90746307373047
4228459223832856.jpg,total,0.8239207605752483,47.18327713012695,-114.0246353149414
4233350266727573.jpg,total,0.5373473950611611,47.585533142089844,-113.74439239501953
4254311107954024.jpg,total,0.515348672945251,44.96615219116211,-114.94178009033203
4256528691024046.jpg,total,0.5243061730185445,44.33513641357422,-115.92244720458984
4279333682078246.jpg,total,0.5255318792727337,44.245399475097656,-113.31704711914062
4311705178862224.jpg,total,0.6857265537162176,36.99500274658203,-110.16539764404297
440025237813219.jpg,total,0.9022961855670175,41.42893600463867,-113.08995819091797
442357900069154.jpg,total,0.5138796792266618,44.71076583862305,-114.9957046508789
4478088558886821.jpg,total,0.5297245557926615,44.67736053466797,-111.90509033203125
450647262699051.jpg,total,0.8961877543602892,37.05654525756836,-109.74079132080078
452051752525196.jpg,total,0.7476006128587187,44.33189010620117,-116.56207275390625
453619325705198.jpg,total,0.5796716641791022,46.85136795043945,-112.91551208496094
453834722944760.jpg,total,0.8490705705135397,41.115386962890625,-117.51187896728516
455701138994860.jpg,total,0.508944028637444,47.016822814941406,-113.23023223876953
455731622196604.jpg,total,0.7539020855326726,43.60841751098633,-108.31401824951172
457102642260411.jpg,total,0.7216057605675843,40.827056884765625,-103.436279296875
457384178875084.jpg,total,0.9714104710322502,42.49650192260742,-113.67720794677734
457986391946535.jpg,total,0.9768365641417596,42.612205505371094,-103.72711944580078
460482842593011.jpg,total,0.5638850085852418,40.30915451049805,-102.70291137695312
460577255158916.jpg,total,0.6978368751366588,40.296173095703125,-104.7956314086914
460887108551972.jpg,total,0.6503926042945736,43.98194885253906,-109.25291442871094
461216088291339.jpg,total,0.5194670793026717,44.927406311035156,-117.68124389648438
461488555147817.jpg,total,0.5167717990758476,45.218505859375,-114.57728576660156
4622461517780789.jpg,total,0.5163373701826046,44.5933952331543,-114.0372085571289
462554801705431.jpg,total,0.7972434232422252,43.380489349365234,-112.90086364746094
462608131706817.jpg,total,0.9621533248854917,43.93526840209961,-109.82721710205078
462676878370106.jpg,total,0.9374418501758832,40.27716064453125,-107.26699829101562
462967981667020.jpg,total,0.7657320716270917,43.726905822753906,-108.84841918945312
464668784756807.jpg,total,0.9376653783300348,39.497432708740234,-113.07762908935547
465263838064807.jpg,total,0.765442088231282,40.36222457885742,-119.97563934326172
466361117920393.jpg,total,0.5537899977442748,46.46009826660156,-112.91326141357422
467645217788305.jpg,total,0.9680976188818455,40.621185302734375,-106.26248931884766
467979794318880.jpg,total,0.6908794959951479,46.6109733581543,-112.12325286865234
468376831107158.jpg,total,0.899824379140675,44.58652877807617,-108.76947784423828
468638574242551.jpg,total,0.5256019311017468,45.726375579833984,-117.83234405517578
468676744473049.jpg,total,0.740688600676009,44.34186553955078,-114.28410339355469
469258947685576.jpg,total,0.5808623339381711,46.468135833740234,-112.63249206542969
469392947456191.jpg,total,0.9494383981437053,41.01486587524414,-103.18504333496094
470177680905111.jpg,total,0.9607932165307069,42.78624725341797,-115.92959594726562
470643827587155.jpg,total,0.5232675696817637,45.589717864990234,-114.78085327148438
470703807489838.jpg,total,0.9623467102063259,42.198184967041016,-111.99732208251953
470913587303624.jpg,total,0.7804000506223048,39.36089324951172,-104.59539794921875
471362714189757.jpg,total,0.5162818080104117,46.780521392822266,-113.2413330078125
472249150746197.jpg,total,0.7192045319729488,42.93296432495117,-107.498291015625
473442060399806.jpg,total,0.8601189018405773,41.183509826660156,-113.9288330078125
473569420520854.jpg,total,0.5815634143893362,45.46002960205078,-110.28495025634766
474596040448903.jpg,total,0.7874806553776352,42.26927947998047,-111.61567687988281
474717223842758.jpg,total,0.5536817920928172,46.85136795043945,-112.91551208496094
475277503559772.jpg,total,0.5919268268583693,38.06524658203125,-108.1332778930664
475641730389201.jpg,total,0.5566138160583876,42.6821174621582,-108.28706359863281
475766346818102.jpg,total,0.946073885297718,45.43124771118164,-109.22853088378906
478361553450700.jpg,total,0.8807209776336151,42.55315399169922,-109.48584747314453
478393486705611.jpg,total,0.7373650437749575,40.41471862792969,-110.02613067626953
479186630191763.jpg,total,0.5174801723474047,47.072715759277344,-113.20879364013672
480090769805252.jpg,total,0.9642893242709079,41.93059158325195,-112.71578979492188
480860149699898.jpg,total,0.6324533685113636,45.677032470703125,-109.79399871826172
482360176297986.jpg,total,0.5845648289220549,44.36934280395508,-112.96581268310547
482419679481287.jpg,total,0.8466220554344126,40.00830078125,-107.86183166503906
482882332990936.jpg,total,0.9789941757366147,39.54215621948242,-110.81983184814453
483195659770325.jpg,total,0.8706946088391021,42.43562698364258,-111.10041046142578
485970349490639.jpg,total,0.6440374583111996,43.47100830078125,-111.31748962402344
486743315978354.jpg,total,0.8067418126007908,45.192413330078125,-108.43119812011719
487209255849106.jpg,total,0.8685825101036571,36.874114990234375,-107.71550750732422
487404672686638.jpg,total,0.5450645924781732,45.82613754272461,-116.08506774902344
487589242667317.jpg,total,0.9454386795238197,43.75008773803711,-109.58179473876953
487731449214086.jpg,total,0.5307616978610241,41.30635452270508,-112.10945892333984
488240112521736.jpg,total,0.5532803985250894,44.96709442138672,-116.26724243164062
488300902407273.jpg,total,0.626109512936182,43.5195426940918,-110.7738037109375
488630522361298.jpg,total,0.9288437675403003,39.56587600708008,-104.18240356445312
488793115577561.jpg,total,0.6921328140111598,45.53127670288086,-106.79203033447266
488820212237629.jpg,total,0.6548921696961543,41.21710968017578,-106.53992462158203
490969698717858.jpg,total,0.9386736222795875,36.89722442626953,-99.57405090332031
491345775555406.jpg,total,0.6225272816030838,43.443729400634766,-103.55769348144531
492771008541512.jpg,total,0.932529834224205,38.96563720703125,-119.0765609741211
493732941826010.jpg,total,0.6788863099433513,41.86747360229492,-116.6390380859375
494164085056099.jpg,total,0.5393843334486093,45.57004165649414,-115.23479461669922
494447795305125.jpg,total,0.7005755132324225,45.02151107788086,-106.26275634765625
495158451538943.jpg,total,0.8633551421364472,37.32955551147461,-111.06637573242188
495619188455435.jpg,total,0.7199625541881076,43.06118392944336,-106.52325439453125
496306428481937.jpg,total,0.8705265477604591,37.012996673583984,-105.79149627685547
496473378438836.jpg,total,0.9028372668481701,38.6978874206543,-107.80928802490234
497366537973344.jpg,total,0.5313677709302453,44.15498733520508,-116.38886260986328
499020894626734.jpg,total,0.5041328289911133,46.21284866333008,-112.25067138671875
499554434577690.jpg,total,0.8911996849356854,36.75084686279297,-100.11402130126953
500178864763862.jpg,total,0.8320203172832699,38.78664779663086,-103.88880157470703
500522761875020.jpg,total,0.7618536262555438,43.777076721191406,-107.8612289428711
500838887939384.jpg,total,0.8471050374017537,45.53140640258789,-111.11878967285156
502468271165262.jpg,total,0.8956781739701647,44.3450927734375,-110.43693542480469
503058357484613.jpg,total,0.910461692996904,39.71272659301758,-115.98530578613281
503590397625769.jpg,total,0.9183494464843918,40.253299713134766,-115.3123550415039
503838321062048.jpg,total,0.8950029878521519,41.25789260864258,-110.85977172851562
504474727375346.jpg,total,0.6403988724086105,44.19805908203125,-108.06355285644531
506081314080600.jpg,total,0.8799038154268537,37.4658088684082,-108.4762191772461
506369950734671.jpg,total,0.8372630698942718,39.9373779296875,-112.17521667480469
508198947040764.jpg,total,0.9610271678620848,40.675926208496094,-115.7997055053711
508476533535887.jpg,total,0.7809246754296311,40.787479400634766,-109.9649887084961
508634406977403.jpg,total,0.6981843071903455,43.939117431640625,-106.07323455810547
509213263846125.jpg,total,0.7435654327380377,40.47202682495117,-105.98712921142578
511128393388676.jpg,total,0.5724893778875639,43.92280197143555,-119.24610137939453
513191616522704.jpg,total,0.6125440395886841,44.84711456298828,-111.26724243164062
5153142101417702.jpg,total,0.5741509756257983,38.7745475769043,-101.04906463623047
515755583164817.jpg,total,0.8219743017554606,42.756690979003906,-108.5210952758789
516255759530529.jpg,total,0.7708423461087968,37.698055267333984,-111.36112976074219
516379259678340.jpg,total,0.8980326503601388,42.56974411010742,-108.03738403320312
516420712708622.jpg,total,0.7788235571412656,42.94065475463867,-117.08537292480469
516546236042933.jpg,total,0.8558879126893117,42.36974334716797,-113.10344696044922
516889202648559.jpg,total,0.5659169770663937,46.869014739990234,-112.8222885131836
517592456139767.jpg,total,0.6886224694642635,38.02391815185547,-95.40824890136719
518729025960498.jpg,total,0.8422039759119002,41.44563293457031,-115.52941131591797
519637822723468.jpg,total,0.5163928907776381,45.90790557861328,-115.83382415771484
520468278971868.jpg,total,0.933342600584119,39.948612213134766,-114.03919219970703
520846598934441.jpg,total,0.7045571459291509,42.82524490356445,-112.3471908569336
521322169026292.jpg,total,0.606752832440236,44.813514709472656,-113.65047454833984
521517478880851.jpg,total,0.5718671787358423,34.87053680419922,-96.70252227783203
521738639208589.jpg,total,0.905526280457206,43.674896240234375,-113.76748657226562
524430975402398.jpg,total,0.8623362079816594,37.419532775878906,-106.38238525390625
524937438678428.jpg,total,0.7671012624022069,43.69987106323242,-105.44188690185547
525029248496287.jpg,total,0.8749205664016628,38.92013931274414,-110.90617370605469
525513071960132.jpg,total,0.6693685974767192,44.08827209472656,-116.35464477539062
526240905229327.jpg,total,0.9025948343606842,40.40132522583008,-107.13394927978516
528261151516146.jpg,total,0.815790196101478,40.299049377441406,-100.81327056884766
528421561870648.jpg,total,0.5434493489245682,41.0344352722168,-104.56422424316406
530093781702775.jpg,total,0.55129782997642,43.256134033203125,-112.86599731445312
530440781454496.jpg,total,0.7343479285411334,45.00729751586914,-113.23596954345703
530454377965441.jpg,total,0.8467189165471893,42.8752555847168,-110.1565933227539
530583307940581.jpg,total,0.6487234503630503,39.10107421875,-104.0400619506836
530668768095132.jpg,total,0.5733496667511133,45.123802185058594,-116.59587097167969
536720207734596.jpg,total,0.909955751768452,34.6395149230957,-96.97908020019531
538905434162913.jpg,total,0.7255248733464441,44.23906707763672,-104.61450958251953
539523847036572.jpg,total,0.788865268657915,40.662437438964844,-103.10105895996094
547337816253993.jpg,total,0.5201593175916344,46.0446662902832,-115.29900360107422
550777906730556.jpg,total,0.9274945084183486,42.1501579284668,-115.51765441894531
554809492174373.jpg,total,0.7403137355163949,43.55812072753906,-112.75654602050781
557511955233040.jpg,total,0.5298496574837515,46.288330078125,-112.51882934570312
567792890873273.jpg,total,0.9596532845641406,38.678924560546875,-111.6168441772461
568942434694592.jpg,total,0.6934809344408279,45.19380187988281,-113.50318908691406
5724454897627191.jpg,total,0.5190646473388085,44.939876556396484,-116.2363510131836
577228623241148.jpg,total,0.9895241560660082,41.23183822631836,-109.94230651855469
5787698551302307.jpg,total,0.9702201670712096,40.32722854614258,-101.67842102050781
580447812930372.jpg,total,0.9604250098797067,42.96138000488281,-105.42121124267578
581075533280698.jpg,total,0.6939407787164527,40.31389236450195,-117.88536834716797
5822158701142746.jpg,total,0.6284391317683173,44.44872283935547,-116.16276550292969
582710102690729.jpg,total,0.9487188053541686,42.95742416381836,-110.88835906982422
584066179824653.jpg,total,0.8880627896489663,41.777008056640625,-108.50273132324219
589119548715969.jpg,total,0.8404803426483838,43.78985595703125,-107.99362182617188
592248748844452.jpg,total,0.8750808273595041,39.49483871459961,-111.02947998046875
602198310735844.jpg,total,0.649582298283093,45.61616897583008,-111.9427719116211
604527940949073.jpg,total,0.5742159779857445,39.8345947265625,-102.10125732421875
605157583737683.jpg,total,0.897143421167014,41.70953369140625,-109.96176147460938
609433917155483.jpg,total,0.7516331712018669,35.316890716552734,-97.1711196899414
611135699810037.jpg,total,0.5295790304748635,40.160438537597656,-102.19650268554688
621417105498610.jpg,total,0.7075468874296007,42.403594970703125,-111.74779510498047
624038145661861.jpg,total,0.7405576402851537,37.632137298583984,-103.19529724121094
641637956735228.jpg,total,0.7682322694413841,44.188941955566406,-107.5328140258789
660875344724096.jpg,total,0.6833863310761785,45.3199577331543,-109.91558837890625
670444670836578.jpg,total,0.5118280500123831,45.790584564208984,-114.22715759277344
674252807304398.jpg,total,0.7954188842769696,40.52555465698242,-111.83673095703125
685146055562101.jpg,total,0.9064844232592435,42.29046630859375,-108.98828125
713094759866732.jpg,total,0.7280589586043718,40.32086944580078,-104.07720947265625
735165293817416.jpg,total,0.6435577027685326,38.72980880737305,-109.93949890136719
739032883442213.jpg,total,0.505049801659684,46.0629997253418,-115.68943786621094
740998919925589.jpg,total,0.9507140876827913,42.532196044921875,-106.83812713623047
744835689522573.jpg,total,0.960707056222958,40.599830627441406,-117.51847076416016
744932043508492.jpg,total,0.8909782063662437,44.222137451171875,-109.69595336914062
745414409496446.jpg,total,0.6486011660315114,42.61197280883789,-110.44464874267578
745824472720518.jpg,total,0.7828965283394353,37.24423599243164,-100.89935302734375
747409545964236.jpg,total,0.5468471211037809,45.57004165649414,-115.23479461669922
747561475933443.jpg,total,0.8586081271849793,42.35631561279297,-114.86648559570312
748490082696808.jpg,total,0.6479738137691413,43.71797180175781,-111.21223449707031
751360485538443.jpg,total,0.7807674172131556,45.18903732299805,-107.9379653930664
752110518830342.jpg,total,0.8437608107279573,42.68158721923828,-111.72307586669922
753196188731618.jpg,total,0.6390937942658468,39.661468505859375,-104.67079162597656
753389295334689.jpg,total,0.5989182790872292,43.16082000732422,-109.65438842773438
754185198613560.jpg,total,0.8604428031245845,44.46452331542969,-110.14883422851562
755294125141418.jpg,total,0.6053789794038238,44.37137985229492,-109.28707122802734
756436005066532.jpg,total,0.9669010580253579,40.50183868408203,-103.40457916259766
756485765051634.jpg,total,0.865106817888389,42.80007553100586,-111.73664093017578
758959811319396.jpg,total,0.6477154323802665,40.66644287109375,-111.68566131591797
759336418087309.jpg,total,0.8870167866299745,46.02737808227539,-116.86283874511719
760577551488751.jpg,total,0.9277495077209439,40.83365249633789,-111.90959930419922
760802811289666.jpg,total,0.5128200972334156,45.62105178833008,-114.78031158447266
762136231141116.jpg,total,0.5380478154664274,43.8038444519043,-116.8331298828125
762663401066329.jpg,total,0.9861756952990633,37.376930236816406,-113.58209228515625
766771881144804.jpg,total,0.5360425635267347,39.60242462158203,-99.03286743164062
771285643755083.jpg,total,0.9232380046811688,38.904937744140625,-105.67416381835938
771450077063771.jpg,total,0.6368521786077963,44.919960021972656,-113.63777160644531
775389569829638.jpg,total,0.5100523024885604,46.69324493408203,-112.72396850585938
775501006487077.jpg,total,0.8315233318074551,35.83780288696289,-95.7696533203125
780150939309253.jpg,total,0.5229035583526667,46.85136795043945,-112.91551208496094
782567285780599.jpg,total,0.5510090239464489,45.770328521728516,-115.97534942626953
783551539187561.jpg,total,0.6919443630660034,39.037960052490234,-102.06771850585938
783980395857928.jpg,total,0.6699550239319505,39.31993865966797,-114.33956909179688
785356742154816.jpg,total,0.9034605600463479,38.968570709228516,-108.20304107666016
786956765592707.jpg,total,0.6340381436793834,41.53547668457031,-113.06034851074219
788992805068644.jpg,total,0.7857606275470701,39.774253845214844,-107.5139389038086
789758428338379.jpg,total,0.6499352496964264,42.2408561706543,-111.36178588867188
791216278483364.jpg,total,0.7372309780166688,40.80295181274414,-113.83841705322266
792746701366692.jpg,total,0.5171785022413076,44.16570281982422,-113.718994140625
793974721257961.jpg,total,0.5416715178153026,42.61269760131836,-108.94623565673828
794550321494780.jpg,total,0.5137527398181447,43.51143264770508,-113.03264617919922
796415924639273.jpg,total,0.516463931652126,46.180564880371094,-115.10826873779297
797367304115889.jpg,total,0.672586226805663,45.367347717285156,-113.7117691040039
799093904308326.jpg,total,0.5365624227888759,44.89999008178711,-116.70206451416016
800031140944988.jpg,total,0.8113280438159336,41.543487548828125,-102.47373962402344
802041007393647.jpg,total,0.8183272410350355,35.624366760253906,-105.10353088378906
802094877358058.jpg,total,0.9551704392446929,39.70574188232422,-106.68695068359375
803624630565823.jpg,total,0.6272842627473558,44.17453384399414,-106.72879028320312
805369483691696.jpg,total,0.8153798135571719,42.042728424072266,-111.6932144165039
808174716771860.jpg,total,0.8846943255858264,44.83941650390625,-117.32994079589844
808345566750620.jpg,total,0.5849791071998993,45.717559814453125,-115.07850646972656
812424039384407.jpg,total,0.9465275826470707,40.26575469970703,-105.50432586669922
814126136204784.jpg,total,0.7203070149503183,34.26470184326172,-96.69792938232422
814414572522424.jpg,total,0.8993446400993408,38.98478317260742,-113.8303451538086
814544406144348.jpg,total,0.5157988224469818,44.516517639160156,-117.71037292480469
817246479216220.jpg,total,0.8894343129550748,43.252532958984375,-111.819091796875
817563275838419.jpg,total,0.9691000894314747,39.591548919677734,-102.69104766845703
818077062452421.jpg,total,0.871965906370022,38.60724639892578,-106.46370697021484
821452271804281.jpg,total,0.8461966921182551,45.33364486694336,-112.17826080322266
821613875404951.jpg,total,0.9751268794194417,38.98207092285156,-116.09603881835938
823401191607240.jpg,total,0.9828027138608502,42.05988311767578,-109.49594116210938
823653304947022.jpg,total,0.5509404920449867,44.32564926147461,-110.40858459472656
825464121683105.jpg,total,0.5865520089649916,43.708351135253906,-116.9175796508789
826466637959055.jpg,total,0.622961426393573,44.993186950683594,-110.66795349121094
826606851282265.jpg,total,0.7847775780107469,39.16367721557617,-107.1878662109375
827608981191222.jpg,total,0.5609761316902429,42.426448822021484,-106.2317886352539
827758474857168.jpg,total,0.889060847156518,42.276611328125,-110.58259582519531
827851491145806.jpg,total,0.7868863955350598,39.605220794677734,-111.20698547363281
829482805129277.jpg,total,0.8384200787449458,45.10722351074219,-110.28559875488281
829927580932469.jpg,total,0.5481114678480026,46.11637496948242,-115.24801635742188
830649824215120.jpg,total,0.5961301666553993,47.05412292480469,-116.58634185791016
831852634348405.jpg,total,0.911084508225219,42.325950622558594,-109.88665008544922
832095314325317.jpg,total,0.6951273863259955,41.36504364013672,-107.92658996582031
835568647311098.jpg,total,0.5826500365791105,43.35560989379883,-107.67052459716797
836186950309346.jpg,total,0.7808046108658999,43.09821319580078,-111.00872802734375
838998020298066.jpg,total,0.6606100395692351,46.0555419921875,-111.97634887695312
839081336953863.jpg,total,0.9545918607824007,42.42253494262695,-104.80361938476562
847232402556319.jpg,total,0.967864562196171,44.777740478515625,-116.72085571289062
848317502731420.jpg,total,0.8718742348195434,43.908531188964844,-111.9404067993164
848885262329250.jpg,total,0.5144489727856012,45.87813186645508,-116.58660125732422
849090559027276.jpg,total,0.6600775212984509,42.77369689941406,-109.06053924560547
849373592592527.jpg,total,0.5137052434141935,45.33089828491211,-114.8566665649414
852302012299845.jpg,total,0.5525599981197953,43.5498046875,-117.05558776855469
855188278764608.jpg,total,0.8168868481217295,40.40546798706055,-107.23336791992188
857427321789646.jpg,total,0.7109559336605287,37.76533889770508,-100.85247039794922
863524240906246.jpg,total,0.8200082412615356,43.29618835449219,-108.40382385253906
866510327547834.jpg,total,0.6976493956283605,36.13372802734375,-98.49540710449219
872315890035907.jpg,total,0.5733130253248646,45.3600959777832,-115.87486267089844
884174728809691.jpg,total,0.6183153577452156,34.323951721191406,-96.8804702758789
884621025417147.jpg,total,0.8233922021493143,44.091773986816406,-108.11846923828125
886348578608786.jpg,total,0.5937410588482237,45.293113708496094,-111.0702133178711
901333533982606.jpg,total,0.7846041219749473,44.03104019165039,-110.8670425415039
905621176950584.jpg,total,0.7613136270201721,39.8746452331543,-108.44383239746094
909724469820237.jpg,total,0.5134091722302188,41.98848342895508,-117.41127014160156
910681363043969.jpg,total,0.6009897943543763,45.59782028198242,-110.45674133300781
911535633022382.jpg,total,0.5582223897459668,38.17052459716797,-99.79582214355469
924325238419052.jpg,total,0.9345547604953381,45.06863021850586,-111.43875885009766
924668191409724.jpg,total,0.8569685562215712,39.39899826049805,-104.33220672607422
925108211608514.jpg,total,0.9678920991689708,42.921058654785156,-111.43416595458984
929266857614852.jpg,total,0.5819157067108591,37.407615661621094,-100.0726547241211
929465494486345.jpg,total,0.8362445546884416,41.332149505615234,-107.6834716796875
929982751134105.jpg,total,0.8739828501393703,42.53963088989258,-113.95194244384766
930151941151323.jpg,total,0.5350934912630407,46.99930191040039,-113.25643920898438
930168891155914.jpg,total,0.571180278881485,45.996070861816406,-115.38883972167969
932074440925156.jpg,total,0.6377091807554507,44.326786041259766,-115.7779541015625
934111704044466.jpg,total,0.9122738074001031,43.34481430053711,-112.10563659667969
935590933861980.jpg,total,0.5132335138159689,46.85136795043945,-112.91551208496094
936948670425108.jpg,total,0.9131560455470549,40.20541763305664,-102.90667724609375
937485046820930.jpg,total,0.6399286500967776,42.37764358520508,-106.30279541015625
939228440145112.jpg,total,0.891425885020686,39.40411376953125,-103.02433776855469
942472196566885.jpg,total,0.7741060842357399,46.013519287109375,-112.1456069946289
943633596422559.jpg,total,0.8849072438211465,41.111454010009766,-104.25617218017578
944202709658455.jpg,total,0.5453213008551359,46.76692199707031,-110.38195037841797
944538833037726.jpg,total,0.5149098039723299,34.099853515625,-96.36615753173828
945385816006557.jpg,total,0.9146987665275716,38.73521423339844,-107.6867904663086
945421359560472.jpg,total,0.5676976118271071,42.22909927368164,-106.22406005859375
945996296203233.jpg,total,0.8889292991222639,41.771446228027344,-105.26863861083984
946177722860827.jpg,total,0.6154596453792749,43.714752197265625,-116.12772369384766
946307306199603.jpg,total,0.5315023436522068,46.0035285949707,-115.91047668457031
947397969424940.jpg,total,0.6931870038498573,45.711185455322266,-112.00537109375
949795605837384.jpg,total,0.620205081192406,42.95166015625,-110.2951431274414
954504368700339.jpg,total,0.82970663595367,42.904361724853516,-110.03549194335938
962241847856840.jpg,total,0.9769848764589497,43.265316009521484,-112.04186248779297
966263074181304.jpg,total,0.6620044991690861,46.123626708984375,-111.6015396118164
967730423971386.jpg,total,0.8669580622251729,36.14252853393555,-99.72000122070312
987427238460102.jpg,total,0.525058720559187,46.48900604248047,-112.56834411621094
989297424807793.jpg,total,0.8258302407097275,42.43169021606445,-113.63773345947266
990088685113874.jpg,total,0.9248302123288852,39.522098541259766,-115.00244903564453
991888338249326.jpg,total,0.7155334064031464,40.93262481689453,-107.36125183105469
995517587919965.jpg,total,0.5555748946855488,44.3787956237793,-111.75487518310547
