cell_id_token,center_latitude,center_longitude,config_name
0,43.706566,-121.27699,config_1
1,34.820854,-97.23661,config_1
2,39.780224,-120.037506,config_1
3,39.077595,-95.48498,config_1
4,46.836315,-113.82634,config_1
5,36.164318,-115.23345,config_1
6,30.193823,-97.86212,config_1
7,35.399666,-97.52673,config_1
8,43.597347,-116.22125,config_1
9,39.529137,-119.79639,config_1
10,45.7465,-108.617516,config_1
11,36.11623,-115.303474,config_1
12,32.85377,-97.09122,config_1
13,45.49652,-122.612,config_1
14,41.179817,-104.847305,config_1
15,29.558163,-98.60814,config_1
16,37.981075,-98.021996,config_1
17,44.438908,-110.73974,config_1
18,42.111,-112.2116,config_1
19,36.431046,-95.9209,config_1
20,41.113537,-96.25412,config_1
21,39.4487,-100.79716,config_1
22,36.145645,-115.15679,config_1
23,34.99832,-106.6793,config_1
24,39.224678,-114.88735,config_1
25,32.64989,-109.0527,config_1
26,45.62502,-111.733055,config_1
27,44.999226,-122.79033,config_1
28,45.69969,-109.50817,config_1
29,34.421425,-103.18237,config_1
30,41.156124,-95.909836,config_1
31,30.406073,-97.774925,config_1
32,41.95291,-113.08965,config_1
33,37.923374,-95.15346,config_1
34,48.70156,-113.50033,config_1
35,36.64498,-117.03179,config_1
36,36.91832,-109.1049,config_1
37,38.736046,-115.47138,config_1
38,42.93304,-110.07644,config_1
39,37.01029,-97.34923,config_1
40,44.104145,-123.200294,config_1
41,42.43711,-120.28512,config_1
42,48.147285,-116.18087,config_1
43,45.953438,-119.3516,config_1
44,39.02676,-96.63131,config_1
45,36.23035,-115.25003,config_1
46,39.365803,-97.65457,config_1
47,46.983074,-114.4476,config_1
48,46.408924,-116.7463,config_1
49,41.926277,-96.808304,config_1
50,35.90238,-106.01652,config_1
51,32.46417,-94.64196,config_1
52,48.37207,-107.29064,config_1
53,35.635883,-94.96229,config_1
54,35.224434,-97.45387,config_1
55,41.318428,-106.48418,config_1
56,36.112003,-115.14908,config_1
57,40.83472,-115.78232,config_1
58,34.29877,-108.12983,config_1
59,44.041306,-121.3482,config_1
60,37.66012,-100.16892,config_1
61,44.502785,-124.07365,config_1
62,46.594227,-112.1074,config_1
63,44.912987,-116.12291,config_1
64,37.056675,-95.607285,config_1
65,45.416637,-123.80254,config_1
66,34.049202,-96.76626,config_1
67,48.08282,-114.070305,config_1
68,39.573208,-119.7692,config_1
69,39.038616,-94.59732,config_1
70,36.17227,-105.96363,config_1
71,38.361465,-118.10567,config_1
72,36.167553,-115.12552,config_1
73,46.006332,-119.25065,config_1
74,38.98719,-94.57858,config_1
75,36.90198,-104.441284,config_1
76,32.43231,-104.23422,config_1
77,35.598732,-97.47145,config_1
78,40.73554,-100.17456,config_1
79,47.397503,-115.453255,config_1
80,37.7112,-97.23014,config_1
81,45.432583,-105.406784,config_1
82,35.872314,-97.41392,config_1
83,35.192715,-108.644394,config_1
84,32.75978,-96.601585,config_1
85,35.996853,-96.11965,config_1
86,46.1983,-123.86388,config_1
87,31.972311,-97.0776,config_1
88,44.636806,-112.540245,config_1
89,41.42059,-110.13803,config_1
90,37.97705,-100.82634,config_1
91,45.26478,-109.219795,config_1
92,34.660484,-96.79688,config_1
93,43.18323,-124.3701,config_1
94,39.588093,-95.37176,config_1
95,35.185757,-103.67324,config_1
96,44.3568,-121.15111,config_1
97,39.33959,-119.84601,config_1
98,42.40441,-122.97662,config_1
99,40.73092,-119.24767,config_1
100,30.196417,-97.58872,config_1
101,43.634193,-116.35109,config_1
102,43.53364,-121.463264,config_1
103,48.037457,-114.815506,config_1
104,36.44969,-95.30787,config_1
105,46.84897,-110.71828,config_1
106,33.966736,-104.581055,config_1
107,38.99751,-98.143555,config_1
108,35.259155,-96.685295,config_1
109,43.077217,-122.12139,config_1
110,43.43409,-109.42289,config_1
111,35.456795,-95.42658,config_1
112,39.049618,-95.3809,config_1
113,48.082413,-115.15232,config_1
114,47.16223,-113.44961,config_1
115,37.1975,-94.95827,config_1
116,31.21159,-98.3275,config_1
117,40.647827,-98.97629,config_1
118,39.749348,-101.90382,config_1
119,35.18897,-115.519775,config_1
120,35.654774,-105.95233,config_1
121,34.41473,-103.214935,config_1
122,45.451023,-122.70436,config_1
123,45.388508,-122.5987,config_1
124,46.015915,-112.68198,config_1
125,43.63461,-116.22489,config_1
126,40.81416,-97.38628,config_1
127,33.37441,-94.044014,config_1
128,43.50473,-112.024216,config_1
129,40.455383,-99.04683,config_1
130,38.478195,-95.26751,config_1
131,30.209478,-97.78717,config_1
132,44.897743,-110.41539,config_1
133,39.64124,-119.31412,config_1
134,38.334393,-96.75173,config_1
135,45.29958,-111.69198,config_1
136,40.048332,-96.4838,config_1
137,41.106647,-96.63529,config_1
138,41.107273,-104.10831,config_1
139,42.168365,-121.806915,config_1
140,34.19351,-96.56522,config_1
141,30.09334,-103.70243,config_1
142,44.13629,-116.10177,config_1
143,34.199017,-97.14713,config_1
144,37.38515,-117.13464,config_1
145,44.441555,-117.33497,config_1
146,36.224648,-96.7111,config_1
147,39.045544,-113.897766,config_1
148,35.086536,-101.674675,config_1
149,39.171257,-119.75475,config_1
150,45.600494,-111.19688,config_1
151,35.074738,-107.61533,config_1
152,34.646824,-96.63482,config_1
153,45.518787,-122.91574,config_1
154,43.841145,-110.47615,config_1
155,43.69536,-116.490425,config_1
156,36.48683,-116.418976,config_1
157,41.655354,-108.68828,config_1
158,41.145233,-95.9315,config_1
159,31.220259,-99.96452,config_1
160,45.023228,-108.261635,config_1
161,43.198277,-111.04041,config_1
162,40.845135,-96.617386,config_1
163,39.574997,-97.72614,config_1
164,36.458897,-108.01221,config_1
165,37.209972,-98.417625,config_1
166,37.100456,-101.683586,config_1
167,45.651337,-110.57762,config_1
168,44.492157,-107.68976,config_1
169,33.187634,-96.6398,config_1
170,32.944206,-96.95783,config_1
171,33.774662,-107.02304,config_1
172,42.997414,-100.58015,config_1
173,32.579056,-102.72616,config_1
174,46.661907,-113.16234,config_1
175,43.238285,-123.31683,config_1
176,43.482502,-114.27521,config_1
177,45.380882,-121.57617,config_1
178,36.044064,-115.03813,config_1
179,34.994213,-95.72049,config_1
180,32.79183,-96.841415,config_1
181,35.354874,-96.66996,config_1
182,44.803493,-111.175186,config_1
183,48.504665,-113.96434,config_1
184,44.85564,-122.78636,config_1
185,37.836994,-96.05367,config_1
186,29.680073,-95.52532,config_1
187,41.412178,-97.71316,config_1
188,32.731277,-96.67038,config_1
189,46.01495,-123.89787,config_1
190,32.086334,-96.441154,config_1
191,32.01676,-98.01342,config_1
192,45.815113,-116.23531,config_1
193,47.381184,-111.48969,config_1
194,41.94565,-111.409386,config_1
195,45.197712,-123.95117,config_1
196,41.497257,-96.15538,config_1
197,43.569813,-110.856674,config_1
198,38.425438,-96.1626,config_1
199,48.540775,-113.30671,config_1
200,43.367977,-111.23975,config_1
201,38.38035,-97.451004,config_1
202,46.17572,-111.45924,config_1
203,37.528023,-95.26949,config_1
204,35.860214,-94.99307,config_1
205,42.454376,-112.196045,config_1
206,39.61534,-119.70388,config_1
207,47.866997,-113.84297,config_1
208,39.329315,-94.92419,config_1
209,38.22252,-116.33135,config_1
210,36.13535,-115.282524,config_1
211,36.815933,-94.87324,config_1
212,36.417496,-97.63299,config_1
213,44.27544,-124.10754,config_1
214,48.42199,-115.83094,config_1
215,35.09064,-95.6946,config_1
216,36.399914,-106.47948,config_1
217,43.241955,-108.020935,config_1
218,41.10474,-101.75699,config_1
219,33.25701,-103.29361,config_1
220,29.118149,-96.19411,config_1
221,35.237507,-95.4863,config_1
222,45.139633,-111.67051,config_1
223,30.109276,-97.320656,config_1
224,36.02759,-108.86748,config_1
225,41.731018,-106.78795,config_1
226,40.33179,-98.446175,config_1
227,37.848576,-95.41875,config_1
228,35.19198,-114.51548,config_1
229,46.72922,-117.00988,config_1
230,33.22633,-97.14914,config_1
231,38.892876,-94.80846,config_1
232,32.881577,-96.86203,config_1
233,42.373955,-111.051186,config_1
234,33.088722,-96.0634,config_1
235,38.40126,-94.68719,config_1
236,45.53389,-122.9774,config_1
237,34.43345,-103.188034,config_1
238,36.521267,-105.54746,config_1
239,34.724155,-96.63926,config_1
240,28.81386,-98.35489,config_1
241,43.690304,-109.97213,config_1
242,43.720455,-116.38414,config_1
243,45.46794,-122.720856,config_1
244,36.281776,-115.28803,config_1
245,37.29973,-97.36045,config_1
246,34.566628,-97.178314,config_1
247,42.002743,-96.36768,config_1
248,42.506504,-110.922005,config_1
249,38.922665,-101.66052,config_1
250,32.83831,-97.45394,config_1
251,35.52943,-98.583725,config_1
252,39.240055,-96.575554,config_1
253,45.310432,-116.33531,config_1
254,36.895973,-106.591644,config_1
255,42.501564,-107.86644,config_1
256,32.515736,-96.76817,config_1
257,32.539284,-107.470985,config_1
258,38.95809,-95.238144,config_1
259,41.263607,-98.92597,config_1
260,45.54255,-122.9577,config_1
261,48.30293,-116.53358,config_1
262,36.73414,-95.92531,config_1
263,46.047638,-111.560585,config_1
264,45.531094,-122.985855,config_1
265,43.724808,-116.24875,config_1
266,34.13933,-96.28186,config_1
267,39.817364,-95.725174,config_1
268,35.31296,-105.83065,config_1
269,43.510956,-116.84688,config_1
270,44.05265,-121.304985,config_1
271,34.410076,-103.14098,config_1
272,41.201244,-114.61571,config_1
273,43.607334,-110.7979,config_1
274,37.891773,-97.74261,config_1
275,42.912663,-108.79424,config_1
276,40.75125,-98.6017,config_1
277,43.156948,-121.79955,config_1
278,42.55813,-121.99781,config_1
279,29.584467,-98.24064,config_1
280,38.59489,-94.692505,config_1
281,42.635838,-114.405174,config_1
282,35.99173,-95.36774,config_1
283,31.65304,-106.363655,config_1
284,44.67142,-111.39886,config_1
285,29.785542,-94.88053,config_1
286,37.28157,-99.11312,config_1
287,42.75434,-105.38823,config_1
288,37.790176,-96.57639,config_1
289,45.53211,-121.58655,config_1
290,38.991657,-95.474,config_1
291,45.280373,-111.22893,config_1
292,36.181694,-95.73645,config_1
293,47.268963,-117.11614,config_1
294,43.422356,-121.78194,config_1
295,40.870255,-110.83798,config_1
296,35.50501,-105.68505,config_1
297,47.51628,-116.03056,config_1
298,39.59779,-94.78865,config_1
299,39.52344,-119.75371,config_1
300,43.81321,-111.78692,config_1
301,43.575886,-116.445755,config_1
302,34.909645,-96.68109,config_1
303,45.53948,-122.51895,config_1
304,38.524303,-96.18527,config_1
305,36.29719,-115.31608,config_1
306,34.989647,-105.25947,config_1
307,43.686848,-116.91187,config_1
308,48.710663,-116.162186,config_1
309,29.124292,-100.238914,config_1
310,37.698997,-94.712166,config_1
311,40.490597,-100.6694,config_1
312,36.050865,-115.221504,config_1
313,32.907074,-96.978195,config_1
314,34.26957,-96.5482,config_1
315,34.452637,-104.220085,config_1
316,45.454693,-122.6341,config_1
317,30.57581,-98.65851,config_1
318,38.822193,-97.63489,config_1
319,34.308475,-98.05761,config_1
320,33.927086,-97.32867,config_1
321,39.84002,-119.937744,config_1
322,43.38701,-110.74833,config_1
323,38.17322,-97.49109,config_1
324,44.720585,-110.667656,config_1
325,48.096107,-115.79699,config_1
326,36.12943,-97.09381,config_1
327,39.739433,-94.88455,config_1
328,36.72237,-108.13083,config_1
329,45.488926,-108.89852,config_1
330,37.096622,-96.599106,config_1
331,39.739235,-100.16345,config_1
332,41.00054,-102.929344,config_1
333,39.304,-119.5516,config_1
334,31.47363,-94.71224,config_1
335,47.896324,-112.20673,config_1
336,35.463757,-105.283005,config_1
337,32.9524,-96.77274,config_1
338,40.134537,-96.65563,config_1
339,45.019966,-109.94451,config_1
340,34.951405,-104.67123,config_1
341,41.67734,-107.99292,config_1
342,32.47714,-94.1015,config_1
343,45.174984,-113.89234,config_1
344,45.137196,-123.96636,config_1
345,38.77925,-118.763405,config_1
346,36.156887,-105.57849,config_1
347,43.318085,-110.70428,config_1
348,36.590515,-115.94723,config_1
349,33.327568,-96.99742,config_1
350,43.947063,-117.315285,config_1
351,32.873924,-96.7066,config_1
352,46.373123,-113.30039,config_1
353,44.57692,-116.03566,config_1
354,45.231384,-108.66011,config_1
355,43.537197,-123.288376,config_1
356,39.401287,-115.70885,config_1
357,41.20667,-96.031334,config_1
358,40.441868,-99.38196,config_1
359,48.602703,-114.13771,config_1
360,31.817831,-109.04427,config_1
361,43.82115,-123.042366,config_1
362,44.654102,-121.13846,config_1
363,42.972157,-117.163155,config_1
364,32.711105,-97.007774,config_1
365,39.487873,-119.748314,config_1
366,46.47824,-109.743286,config_1
367,36.979733,-116.73432,config_1
368,34.37078,-96.94419,config_1
369,33.016434,-96.95647,config_1
370,45.50641,-122.7432,config_1
371,39.568996,-99.131805,config_1
372,47.036156,-113.2936,config_1
373,34.791084,-96.65946,config_1
374,45.207508,-118.03694,config_1
375,45.509846,-122.79933,config_1
376,36.159576,-104.67766,config_1
377,43.731297,-124.14634,config_1
378,29.760586,-95.4746,config_1
379,45.501793,-122.95827,config_1
380,48.070095,-114.67628,config_1
381,44.42003,-121.76449,config_1
382,46.072586,-116.335846,config_1
383,41.142376,-96.11391,config_1
384,44.190113,-110.65938,config_1
385,36.157692,-115.34494,config_1
386,46.887398,-113.98738,config_1
387,43.474792,-116.26519,config_1
388,32.29803,-108.84928,config_1
389,40.923267,-98.37168,config_1
390,45.52749,-123.08373,config_1
391,36.309254,-115.311005,config_1
392,35.31203,-96.671036,config_1
393,34.195786,-97.47063,config_1
394,34.333023,-96.06,config_1
395,33.97667,-96.41014,config_1
396,48.2506,-115.48996,config_1
397,36.25278,-116.75783,config_1
398,41.557335,-106.11778,config_1
399,48.27992,-113.60352,config_1
400,30.029696,-94.18974,config_1
401,34.49252,-97.14506,config_1
402,36.026447,-114.78312,config_1
403,35.431335,-96.015205,config_1
404,40.820663,-96.93282,config_1
405,45.472572,-122.57063,config_1
406,40.397854,-98.04633,config_1
407,34.540245,-103.189125,config_1
408,38.40861,-95.769806,config_1
409,41.424248,-104.39477,config_1
410,35.522255,-106.546165,config_1
411,44.06703,-123.12243,config_1
412,37.57886,-100.510506,config_1
413,30.594501,-97.26096,config_1
414,42.086292,-110.94877,config_1
415,40.63379,-96.1206,config_1
416,37.194588,-95.203255,config_1
417,40.85201,-100.75125,config_1
418,38.684715,-119.57119,config_1
419,46.75083,-112.7024,config_1
420,45.470585,-122.52212,config_1
421,36.466915,-117.21172,config_1
422,47.7356,-114.163155,config_1
423,30.564417,-97.52873,config_1
424,41.159767,-96.03115,config_1
425,46.478016,-111.26486,config_1
426,36.261322,-115.18345,config_1
427,43.59838,-116.17882,config_1
428,37.416492,-94.706375,config_1
429,43.43599,-121.3017,config_1
430,41.29397,-96.51162,config_1
431,39.342266,-96.22087,config_1
432,41.125828,-96.06171,config_1
433,36.780872,-95.14301,config_1
434,35.439056,-97.35313,config_1
435,34.79979,-97.61304,config_1
436,40.20054,-97.5386,config_1
437,34.173016,-97.37878,config_1
438,45.7153,-111.087906,config_1
439,30.324228,-97.75469,config_1
440,37.937534,-95.39702,config_1
441,32.263096,-109.21413,config_1
442,33.025356,-97.2788,config_1
443,45.771324,-123.95018,config_1
444,39.05898,-96.5324,config_1
445,30.322653,-98.04435,config_1
446,36.2256,-95.33726,config_1
447,36.72617,-97.07354,config_1
448,43.444218,-116.04972,config_1
449,39.427277,-119.75267,config_1
450,33.42058,-96.595566,config_1
451,34.99647,-96.96845,config_1
452,34.864983,-95.4106,config_1
453,40.238304,-100.75251,config_1
454,37.94906,-101.5392,config_1
455,34.615826,-96.85028,config_1
456,41.19634,-106.83432,config_1
457,43.473866,-113.52252,config_1
458,44.838852,-111.434814,config_1
459,36.206356,-106.8385,config_1
460,41.192295,-97.99783,config_1
461,43.56311,-116.14982,config_1
462,37.768032,-98.46019,config_1
463,37.87838,-96.82458,config_1
464,29.772583,-98.44968,config_1
465,40.611996,-98.10147,config_1
466,39.609005,-119.23531,config_1
467,46.559505,-111.7876,config_1
468,36.25421,-115.07823,config_1
469,37.589592,-99.85287,config_1
470,44.80086,-110.44867,config_1
471,42.872528,-122.142166,config_1
472,44.994602,-110.708786,config_1
473,46.764263,-116.98546,config_1
474,40.01993,-101.54522,config_1
475,32.69906,-97.56853,config_1
476,38.621254,-95.24667,config_1
477,30.072582,-97.70769,config_1
478,37.385403,-95.65176,config_1
479,35.442745,-108.15754,config_1
480,45.577568,-110.5765,config_1
481,48.065094,-115.25761,config_1
482,45.60241,-106.28325,config_1
483,43.581726,-108.17449,config_1
484,43.90585,-114.71747,config_1
485,31.18901,-96.792206,config_1
486,35.352028,-97.500275,config_1
487,43.500015,-116.41997,config_1
488,42.37256,-122.89351,config_1
489,47.39101,-113.63475,config_1
490,38.81114,-95.248245,config_1
491,31.722927,-96.19954,config_1
492,36.01429,-115.0872,config_1
493,43.287037,-124.33986,config_1
494,41.404926,-96.51132,config_1
495,45.46501,-122.76616,config_1
496,36.065174,-95.8645,config_1
497,32.315823,-96.868706,config_1
498,43.115192,-110.18351,config_1
499,36.152195,-95.98392,config_1
500,47.677315,-116.76287,config_1
501,31.445976,-100.46213,config_1
502,33.81827,-109.070206,config_1
503,34.705643,-108.01911,config_1
504,36.314415,-95.59959,config_1
505,39.52115,-100.57598,config_1
506,41.823513,-96.075264,config_1
507,38.93316,-99.491486,config_1
508,32.09626,-106.68066,config_1
509,44.900696,-104.514465,config_1
510,36.277664,-114.498245,config_1
511,42.939552,-111.007545,config_1
512,36.10072,-115.22567,config_1
513,32.49222,-95.63919,config_1
514,48.387306,-114.262184,config_1
515,45.91,-111.59791,config_1
516,34.969143,-96.77997,config_1
517,39.515408,-96.30869,config_1
518,36.064453,-95.93081,config_1
519,42.802956,-108.69236,config_1
520,35.503395,-105.890686,config_1
521,39.084373,-94.9025,config_1
522,45.08881,-122.96388,config_1
523,46.55782,-110.87521,config_1
524,32.79495,-96.77465,config_1
525,35.52832,-108.80456,config_1
526,46.232517,-116.48285,config_1
527,36.02375,-95.8983,config_1
528,37.58439,-99.65145,config_1
529,47.00059,-113.05014,config_1
530,46.567657,-112.300804,config_1
531,37.09075,-96.14034,config_1
532,33.123783,-97.517784,config_1
533,39.554672,-119.51774,config_1
534,30.42334,-98.10942,config_1
535,36.624184,-103.70167,config_1
536,29.526373,-95.08092,config_1
537,43.802162,-116.934235,config_1
538,41.717766,-110.56444,config_1
539,41.81663,-113.38343,config_1
540,34.805416,-103.72734,config_1
541,36.122044,-95.9248,config_1
542,38.17635,-95.28911,config_1
543,39.516468,-119.96428,config_1
544,32.00803,-101.50124,config_1
545,43.73595,-116.291435,config_1
546,35.087524,-104.09848,config_1
547,34.292515,-97.2752,config_1
548,39.815968,-101.03583,config_1
549,36.547016,-116.05876,config_1
550,39.012203,-119.950005,config_1
551,39.291058,-119.92102,config_1
552,38.996243,-95.25608,config_1
553,42.47077,-96.44213,config_1
554,36.594894,-94.97217,config_1
555,45.21192,-111.67891,config_1
556,29.462984,-95.85685,config_1
557,40.203514,-98.381134,config_1
558,32.837723,-96.973076,config_1
559,29.96518,-95.20023,config_1
560,47.448734,-113.66812,config_1
561,36.401733,-97.11382,config_1
562,48.02845,-116.65757,config_1
563,39.08251,-97.64418,config_1
564,39.057144,-100.19312,config_1
565,35.98539,-106.053085,config_1
566,38.898544,-95.693085,config_1
567,45.455387,-109.45478,config_1
568,42.60488,-97.32929,config_1
569,34.64992,-95.945786,config_1
570,45.433125,-122.72922,config_1
571,36.117455,-115.170876,config_1
572,40.198772,-119.36088,config_1
573,48.225616,-116.27856,config_1
574,35.98444,-96.42477,config_1
575,41.075817,-98.70776,config_1
576,43.43343,-116.40213,config_1
577,37.122395,-94.70888,config_1
578,45.964233,-112.485664,config_1
579,44.080986,-123.05414,config_1
580,38.05256,-97.90018,config_1
581,37.737312,-97.48748,config_1
582,35.00542,-109.077644,config_1
583,35.478645,-115.44906,config_1
584,43.6327,-116.3662,config_1
585,35.85172,-115.26183,config_1
586,36.128254,-115.30325,config_1
587,45.755577,-110.01735,config_1
588,39.1234,-94.80848,config_1
589,42.955338,-120.78916,config_1
590,42.857147,-109.88096,config_1
591,41.001892,-105.42068,config_1
592,34.982098,-97.33138,config_1
593,39.625893,-95.54949,config_1
594,36.18735,-95.96487,config_1
595,45.061977,-123.66826,config_1
596,39.659588,-100.336914,config_1
597,46.29232,-112.74833,config_1
598,45.465446,-122.83282,config_1
599,35.958622,-115.11936,config_1
600,44.094574,-121.30133,config_1
601,42.473915,-113.459724,config_1
602,47.42346,-115.62554,config_1
603,38.085964,-95.21129,config_1
604,34.389816,-108.4555,config_1
605,39.491817,-119.419975,config_1
606,45.47403,-122.78904,config_1
607,34.635857,-103.42164,config_1
608,40.67599,-99.236084,config_1
609,33.119415,-96.81229,config_1
610,37.21377,-95.56552,config_1
611,44.868557,-108.35036,config_1
612,43.981586,-121.59087,config_1
613,36.071354,-115.264084,config_1
614,40.238304,-96.977715,config_1
615,37.027557,-108.1816,config_1
616,47.619335,-116.58915,config_1
617,38.66592,-96.92471,config_1
618,45.59259,-122.75481,config_1
619,38.052803,-102.09653,config_1
620,41.764767,-106.47714,config_1
621,46.70318,-113.407036,config_1
622,35.052834,-96.93146,config_1
623,29.946943,-95.526505,config_1
624,39.7829,-119.89958,config_1
625,29.978487,-95.79467,config_1
626,29.787214,-95.15474,config_1
627,34.670456,-106.79352,config_1
628,43.35411,-121.18988,config_1
629,45.10348,-111.2198,config_1
630,31.08724,-97.724525,config_1
631,29.518543,-98.401566,config_1
632,37.669632,-95.470764,config_1
633,41.83025,-110.5355,config_1
634,45.787617,-108.64669,config_1
635,45.54651,-122.57689,config_1
636,36.93586,-109.07633,config_1
637,36.24381,-115.11472,config_1
638,41.808613,-106.68856,config_1
639,43.073914,-108.36786,config_1
640,34.80192,-96.938896,config_1
641,37.743027,-100.03831,config_1
642,42.317764,-123.57305,config_1
643,39.53866,-119.7131,config_1
644,45.036346,-111.121,config_1
645,34.817585,-96.804016,config_1
646,45.016495,-123.93659,config_1
647,47.2373,-113.53421,config_1
648,34.6217,-96.427155,config_1
649,38.922497,-96.854515,config_1
650,43.55494,-109.68134,config_1
651,43.720573,-121.410736,config_1
652,42.231632,-124.360245,config_1
653,36.717384,-116.6081,config_1
654,34.35246,-97.14775,config_1
655,38.917664,-96.46118,config_1
656,46.56194,-112.42703,config_1
657,41.62504,-105.63352,config_1
658,38.907085,-119.71843,config_1
659,34.240753,-96.77502,config_1
660,43.573124,-116.366714,config_1
661,36.74267,-108.19015,config_1
662,40.190742,-99.36795,config_1
663,44.909573,-123.0282,config_1
664,44.32994,-116.05192,config_1
665,35.129562,-107.81676,config_1
666,32.76066,-96.98032,config_1
667,44.118385,-124.120346,config_1
668,39.368706,-119.24504,config_1
669,39.98303,-98.07994,config_1
670,39.490112,-118.792854,config_1
671,39.414948,-119.78082,config_1
672,32.843483,-96.77367,config_1
673,46.28925,-109.10511,config_1
674,30.032795,-96.92012,config_1
675,35.834206,-114.568275,config_1
676,34.710808,-97.23017,config_1
677,39.284985,-95.69294,config_1
678,32.738285,-96.85786,config_1
679,48.634144,-113.87153,config_1
680,48.532745,-113.05077,config_1
681,41.80738,-107.21784,config_1
682,34.51579,-96.974525,config_1
683,42.89528,-122.1188,config_1
684,36.14721,-115.13002,config_1
685,35.681957,-97.03527,config_1
686,46.910637,-116.98552,config_1
687,38.19327,-98.09545,config_1
688,34.22917,-96.65273,config_1
689,38.998917,-94.66554,config_1
690,40.04008,-98.48128,config_1
691,33.80624,-96.58413,config_1
692,44.026615,-123.02601,config_1
693,36.12765,-115.24656,config_1
694,32.296547,-107.64902,config_1
695,43.68931,-122.31046,config_1
696,41.843975,-96.467606,config_1
697,48.11518,-116.613914,config_1
698,43.23052,-111.08751,config_1
699,41.94636,-123.946785,config_1
700,38.252056,-97.70534,config_1
701,37.56558,-95.83504,config_1
702,35.517292,-94.98013,config_1
703,35.01801,-105.70049,config_1
704,41.24046,-104.49737,config_1
705,45.457,-122.42294,config_1
706,35.949196,-115.18581,config_1
707,43.782173,-110.53352,config_1
708,29.544155,-98.31845,config_1
709,39.017593,-94.770996,config_1
710,29.712677,-98.09567,config_1
711,48.35514,-113.97553,config_1
712,42.57585,-120.36153,config_1
713,30.782053,-97.65771,config_1
714,37.556404,-101.288925,config_1
715,45.87197,-111.932495,config_1
716,44.62809,-110.432365,config_1
717,43.691505,-116.33632,config_1
718,44.904095,-109.06688,config_1
719,32.240673,-106.73487,config_1
720,39.659214,-119.711624,config_1
721,34.090294,-105.64552,config_1
722,42.335995,-109.51445,config_1
723,45.939297,-119.6671,config_1
724,46.568733,-112.01561,config_1
725,41.981396,-120.3165,config_1
726,35.43695,-99.22626,config_1
727,43.79978,-110.18057,config_1
728,40.05658,-96.06518,config_1
729,45.542683,-122.62559,config_1
730,45.061443,-108.66825,config_1
731,44.423088,-122.905624,config_1
732,40.537586,-101.84912,config_1
733,38.93404,-95.80154,config_1
734,35.82619,-95.67025,config_1
735,30.428312,-97.618454,config_1
736,41.503605,-97.699036,config_1
737,43.564644,-116.32549,config_1
738,36.12879,-115.0568,config_1
739,41.92599,-112.64103,config_1
740,38.43054,-99.88983,config_1
741,44.215664,-108.87231,config_1
742,48.93918,-115.01156,config_1
743,45.269787,-110.8431,config_1
744,40.68606,-98.937004,config_1
745,38.400333,-98.74637,config_1
746,39.637547,-119.88961,config_1
747,41.354153,-97.5763,config_1
748,43.710354,-116.496506,config_1
749,41.104576,-105.16615,config_1
750,34.361324,-96.42294,config_1
751,35.3321,-96.89122,config_1
752,43.520733,-111.47788,config_1
753,32.331398,-108.67337,config_1
754,38.18859,-94.70019,config_1
755,41.73289,-103.24886,config_1
756,48.215797,-114.278915,config_1
757,45.62974,-109.27335,config_1
758,41.24435,-95.93428,config_1
759,38.836327,-113.9877,config_1
760,43.99171,-116.176926,config_1
761,32.793728,-96.70296,config_1
762,46.607273,-111.99471,config_1
763,31.276062,-95.44449,config_1
764,36.446274,-116.84058,config_1
765,41.423237,-106.7871,config_1
766,43.605186,-116.63804,config_1
767,48.13394,-114.45621,config_1
768,38.18899,-98.214966,config_1
769,43.25579,-117.01787,config_1
770,29.968102,-98.50771,config_1
771,36.4286,-114.54509,config_1
772,39.898823,-95.77475,config_1
773,32.236233,-109.08069,config_1
774,40.681927,-98.7547,config_1
775,39.2176,-96.458115,config_1
776,36.07117,-115.14669,config_1
777,45.519836,-122.43596,config_1
778,33.08787,-98.15694,config_1
779,43.576096,-116.19922,config_1
780,45.37944,-122.84422,config_1
781,34.792328,-105.06121,config_1
782,41.110058,-101.41009,config_1
783,34.436928,-97.1344,config_1
784,44.05199,-121.28595,config_1
785,45.59054,-121.54793,config_1
786,30.506332,-97.70808,config_1
787,45.088978,-121.555916,config_1
788,41.1867,-95.97881,config_1
789,33.149014,-97.095764,config_1
790,30.377237,-97.911255,config_1
791,43.075695,-114.13169,config_1
792,40.986435,-96.642456,config_1
793,38.098183,-117.59303,config_1
794,35.70109,-115.36958,config_1
795,30.21151,-97.736435,config_1
796,37.346268,-95.24862,config_1
797,36.216396,-114.64985,config_1
798,43.87208,-121.442635,config_1
799,38.931763,-95.07991,config_1
800,35.482002,-97.34568,config_1
801,44.66415,-111.094574,config_1
802,46.111504,-112.85916,config_1
803,40.63079,-97.08728,config_1
804,40.652973,-99.78635,config_1
805,34.250763,-96.9579,config_1
806,30.158333,-95.38139,config_1
807,37.736343,-117.23482,config_1
808,35.076763,-100.10638,config_1
809,36.62119,-116.37165,config_1
810,45.120388,-109.07147,config_1
811,30.712505,-97.94918,config_1
812,38.2307,-118.022095,config_1
813,45.1813,-109.27589,config_1
814,39.54127,-95.11233,config_1
815,39.42425,-96.79004,config_1
816,34.85928,-95.53023,config_1
817,44.85485,-110.73483,config_1
818,35.64302,-106.0141,config_1
819,45.51567,-122.979614,config_1
820,34.845844,-96.5791,config_1
821,35.91383,-94.976265,config_1
822,32.695427,-96.802536,config_1
823,36.027138,-95.95578,config_1
824,46.742027,-114.1209,config_1
825,31.306562,-93.950935,config_1
826,43.649193,-116.407074,config_1
827,42.911076,-105.843834,config_1
828,41.604527,-104.25929,config_1
829,36.200783,-115.21598,config_1
830,32.94689,-96.6201,config_1
831,35.140556,-103.733444,config_1
832,40.821114,-97.11716,config_1
833,45.546574,-122.67425,config_1
834,33.407475,-104.455376,config_1
835,37.670254,-95.063126,config_1
836,34.81412,-95.8563,config_1
837,44.512608,-116.031944,config_1
838,36.773853,-106.56394,config_1
839,43.930645,-110.62464,config_1
840,42.86869,-120.80467,config_1
841,32.226593,-98.201485,config_1
842,44.6895,-117.688446,config_1
843,42.40465,-105.03561,config_1
844,45.66173,-110.73035,config_1
845,31.744513,-97.627464,config_1
846,48.307682,-116.38308,config_1
847,38.470623,-100.865585,config_1
848,36.183628,-115.12366,config_1
849,36.150505,-115.221344,config_1
850,41.154484,-95.95736,config_1
851,38.969284,-94.71759,config_1
852,36.074482,-97.39049,config_1
853,37.900272,-95.43,config_1
854,38.425873,-96.55532,config_1
855,45.498272,-122.873,config_1
856,39.383842,-115.4408,config_1
857,38.324345,-98.53403,config_1
858,34.12514,-96.50527,config_1
859,39.104008,-119.780266,config_1
860,41.475418,-96.51413,config_1
861,35.40846,-105.52169,config_1
862,43.743095,-110.68037,config_1
863,44.276894,-121.17347,config_1
864,44.859074,-122.61334,config_1
865,38.327335,-98.192665,config_1
866,40.584774,-98.432205,config_1
867,48.131344,-115.42698,config_1
868,41.17416,-95.904,config_1
869,39.5302,-119.84425,config_1
870,38.108433,-95.71371,config_1
871,32.833412,-97.015854,config_1
872,44.936195,-110.09188,config_1
873,45.493454,-122.487404,config_1
874,38.501434,-94.929855,config_1
875,41.966576,-112.912575,config_1
876,32.911205,-99.47257,config_1
877,48.712353,-113.723145,config_1
878,41.240086,-96.0725,config_1
879,45.556564,-122.62664,config_1
880,39.118507,-114.32008,config_1
881,39.79944,-96.012085,config_1
882,45.80135,-123.40954,config_1
883,38.045486,-96.63852,config_1
884,40.85769,-96.73985,config_1
885,34.748413,-97.27817,config_1
886,44.802944,-121.3248,config_1
887,42.377098,-98.237724,config_1
888,48.482548,-116.4606,config_1
889,45.750156,-109.766495,config_1
890,43.600613,-116.18217,config_1
891,38.95478,-95.30266,config_1
892,29.391878,-98.77043,config_1
893,45.83089,-108.7146,config_1
894,30.332361,-97.27135,config_1
895,38.97865,-95.348724,config_1
896,35.929558,-95.1859,config_1
897,35.041958,-108.33072,config_1
898,32.675446,-96.84064,config_1
899,38.128437,-117.93462,config_1
900,29.664215,-98.45308,config_1
901,28.379477,-98.030815,config_1
902,37.174835,-116.908775,config_1
903,35.543533,-95.23528,config_1
904,35.276703,-106.24179,config_1
905,40.908504,-98.59441,config_1
906,36.011986,-115.16836,config_1
907,30.520273,-98.35985,config_1
908,37.044567,-95.0964,config_1
909,39.388477,-97.128456,config_1
910,41.05829,-102.52627,config_1
911,42.96718,-123.3145,config_1
912,36.158115,-115.08925,config_1
913,38.34056,-97.89912,config_1
914,45.89483,-109.96373,config_1
915,35.448578,-95.58609,config_1
916,33.932293,-97.12855,config_1
917,47.56697,-113.74049,config_1
918,36.065887,-115.090485,config_1
919,45.260098,-107.240906,config_1
920,44.801674,-108.96373,config_1
921,39.91229,-101.0088,config_1
922,47.478836,-115.92561,config_1
923,45.49016,-122.72138,config_1
924,40.5213,-97.5872,config_1
925,30.185791,-96.35475,config_1
926,43.740833,-121.4571,config_1
927,32.72853,-97.349655,config_1
928,36.234604,-115.200485,config_1
929,34.371872,-96.14592,config_1
930,45.37138,-123.15666,config_1
931,46.36307,-110.97647,config_1
932,44.859512,-124.0392,config_1
933,44.730873,-116.07232,config_1
934,36.21827,-95.97269,config_1
935,45.67856,-110.078445,config_1
936,32.468307,-99.84423,config_1
937,41.376305,-111.0302,config_1
938,35.440918,-95.79214,config_1
939,34.812637,-97.403114,config_1
940,35.22307,-95.43625,config_1
941,37.37711,-95.27652,config_1
942,48.011097,-114.21606,config_1
943,43.64655,-121.51221,config_1
944,40.345013,-99.36641,config_1
945,37.19116,-94.82869,config_1
946,38.07333,-95.38748,config_1
947,45.668472,-108.75729,config_1
948,34.454716,-96.63397,config_1
949,41.072834,-97.411415,config_1
950,43.43552,-110.78394,config_1
951,45.76288,-113.97992,config_1
952,35.69343,-105.93551,config_1
953,39.1961,-96.62714,config_1
954,38.746365,-119.818405,config_1
955,38.74762,-95.15228,config_1
956,39.525414,-98.65406,config_1
957,36.093143,-115.26237,config_1
958,41.092033,-96.40922,config_1
959,39.186256,-96.06363,config_1
960,36.572727,-116.16904,config_1
961,36.061653,-115.56286,config_1
962,39.785297,-99.39749,config_1
963,36.498535,-108.633545,config_1
964,35.842915,-95.396774,config_1
965,45.706287,-121.54489,config_1
966,30.15823,-98.01274,config_1
967,32.21061,-97.14847,config_1
968,46.908726,-112.073875,config_1
969,45.394127,-120.74765,config_1
970,45.5061,-122.66954,config_1
971,36.183033,-115.158455,config_1
972,42.202682,-122.70379,config_1
973,39.776855,-95.11758,config_1
974,48.052914,-115.88169,config_1
975,45.84974,-122.84135,config_1
976,37.315975,-98.54125,config_1
977,29.597906,-98.48146,config_1
978,45.266968,-122.51993,config_1
979,36.137924,-114.87651,config_1
980,43.70894,-116.461296,config_1
981,41.22401,-95.9729,config_1
982,45.18105,-108.45484,config_1
983,46.518204,-114.7802,config_1
984,38.547783,-118.429146,config_1
985,37.524014,-101.86853,config_1
986,46.499958,-116.47007,config_1
987,39.381382,-115.06752,config_1
988,39.525635,-119.89049,config_1
989,34.079433,-97.15773,config_1
990,44.984207,-119.01301,config_1
991,37.531757,-95.44584,config_1
992,48.39434,-113.2562,config_1
993,39.283268,-119.63756,config_1
994,35.493576,-97.570076,config_1
995,38.3619,-95.0786,config_1
996,32.2837,-106.88979,config_1
997,34.98846,-107.90229,config_1
998,44.292397,-121.54442,config_1
999,45.527344,-122.83403,config_1
1000,30.239588,-97.877045,config_1
1001,34.996666,-96.67892,config_1
1002,40.94166,-97.40596,config_1
1003,29.286737,-95.38721,config_1
1004,41.264645,-96.01333,config_1
1005,35.129887,-106.59588,config_1
1006,46.32818,-111.510345,config_1
1007,38.484074,-95.50756,config_1
1008,32.852848,-96.580025,config_1
1009,29.619547,-97.49245,config_1
1010,41.85613,-113.140465,config_1
1011,36.15938,-95.86892,config_1
1012,38.869835,-98.93583,config_1
1013,36.27212,-115.21956,config_1
1014,34.220737,-97.253845,config_1
1015,40.842426,-99.19757,config_1
1016,36.24768,-96.946915,config_1
1017,35.673706,-95.64505,config_1
1018,46.58858,-111.89418,config_1
1019,44.716133,-110.49394,config_1
1020,32.954514,-97.01512,config_1
1021,38.073772,-97.324875,config_1
1022,38.80319,-94.68023,config_1
1023,43.266907,-116.384056,config_1
1024,32.97684,-96.87475,config_1
1025,32.94633,-97.32223,config_1
1026,29.92596,-95.35724,config_1
1027,35.66435,-97.44586,config_1
1028,41.204983,-103.739845,config_1
1029,40.648727,-95.82173,config_1
1030,43.123272,-120.78696,config_1
1031,38.832237,-98.48977,config_1
1032,34.377453,-96.513794,config_1
1033,37.086292,-100.85261,config_1
1034,41.636044,-108.39988,config_1
1035,36.069504,-106.12259,config_1
1036,37.41637,-97.24396,config_1
1037,34.419277,-103.21845,config_1
1038,45.50454,-122.54014,config_1
1039,43.494724,-116.33137,config_1
1040,43.28704,-109.13794,config_1
1041,39.38666,-101.064926,config_1
1042,44.93895,-122.67772,config_1
1043,33.05259,-96.85812,config_1
1044,34.411457,-97.50633,config_1
1045,44.044277,-123.10691,config_1
1046,38.32567,-99.457245,config_1
1047,36.07483,-115.08473,config_1
1048,47.029873,-109.874664,config_1
1049,47.15849,-114.085045,config_1
1050,29.886112,-97.85985,config_1
1051,45.660713,-110.96514,config_1
1052,45.558975,-122.715546,config_1
1053,40.745224,-96.629425,config_1
1054,42.16042,-97.23718,config_1
1055,44.606506,-108.96385,config_1
1056,42.31797,-120.326164,config_1
1057,31.034729,-99.23113,config_1
1058,36.17296,-115.27429,config_1
1059,34.40754,-96.81608,config_1
1060,43.22945,-110.44779,config_1
1061,36.271988,-115.24966,config_1
1062,44.81241,-109.29001,config_1
1063,48.035156,-114.907234,config_1
1064,36.18171,-115.325775,config_1
1065,39.068405,-114.70701,config_1
1066,44.675938,-110.75608,config_1
1067,46.51306,-112.805016,config_1
1068,47.214962,-114.943504,config_1
1069,47.504314,-113.68915,config_1
1070,34.67138,-96.55556,config_1
1071,39.870853,-100.57838,config_1
1072,45.478855,-110.59961,config_1
1073,36.893578,-94.846855,config_1
1074,45.512096,-122.694565,config_1
1075,39.30293,-94.84477,config_1
1076,42.42668,-123.15628,config_1
1077,45.498432,-111.26583,config_1
1078,36.609245,-116.267815,config_1
1079,39.886497,-120.00286,config_1
1080,34.904984,-95.75857,config_1
1081,41.046978,-95.94598,config_1
1082,34.39859,-103.20026,config_1
1083,42.668873,-120.53768,config_1
1084,44.01148,-116.93806,config_1
1085,41.322575,-106.18898,config_1
1086,37.573742,-101.48686,config_1
1087,35.242874,-106.519745,config_1
1088,34.76216,-96.678215,config_1
1089,41.160465,-96.14991,config_1
1090,39.671474,-95.4181,config_1
1091,36.204536,-115.298386,config_1
1092,45.652214,-110.86034,config_1
1093,41.747726,-106.91719,config_1
1094,42.217426,-120.32661,config_1
1095,45.02859,-123.83652,config_1
1096,41.82179,-110.77453,config_1
1097,42.763405,-109.74954,config_1
1098,33.297764,-96.58013,config_1
1099,30.803572,-96.50524,config_1
1100,48.153286,-115.867645,config_1
1101,36.036785,-115.00055,config_1
1102,36.35882,-115.40072,config_1
1103,45.52493,-109.43507,config_1
1104,40.069714,-96.9627,config_1
1105,45.460526,-122.58514,config_1
1106,48.23792,-116.543945,config_1
1107,30.437544,-97.72899,config_1
1108,39.0718,-95.76128,config_1
1109,35.09126,-97.419136,config_1
1110,38.970463,-114.03474,config_1
1111,39.349228,-96.45675,config_1
1112,36.154587,-115.28978,config_1
1113,35.31912,-99.59452,config_1
1114,39.487003,-96.17911,config_1
1115,37.8528,-97.58977,config_1
1116,46.108772,-123.01131,config_1
1117,32.806484,-96.94719,config_1
1118,36.042133,-115.13459,config_1
1119,45.520824,-122.50686,config_1
1120,42.065395,-110.14382,config_1
1121,42.681232,-122.616585,config_1
1122,45.444183,-109.07143,config_1
1123,41.796375,-109.32887,config_1
1124,30.647022,-97.66865,config_1
1125,29.517288,-98.508545,config_1
1126,32.649796,-96.92211,config_1
1127,35.45689,-97.52568,config_1
1128,37.264256,-95.26574,config_1
1129,34.98116,-103.74977,config_1
1130,39.6917,-97.49154,config_1
1131,37.066814,-97.14263,config_1
1132,35.494434,-106.211266,config_1
1133,31.668055,-105.72807,config_1
1134,34.17738,-97.25557,config_1
1135,36.18896,-115.1317,config_1
1136,43.667194,-116.28104,config_1
1137,41.13874,-111.16605,config_1
1138,39.17389,-96.30313,config_1
1139,44.23412,-121.25127,config_1
1140,42.68734,-108.49536,config_1
1141,32.18035,-106.700386,config_1
1142,46.309162,-114.06479,config_1
1143,34.093372,-96.3845,config_1
1144,39.838535,-101.55988,config_1
1145,36.17696,-115.035965,config_1
1146,45.1646,-111.245995,config_1
1147,34.281754,-95.956154,config_1
1148,39.70803,-96.80091,config_1
1149,30.389404,-97.71243,config_1
1150,39.89456,-95.522545,config_1
1151,33.20999,-96.829124,config_1
1152,39.58972,-119.41805,config_1
1153,31.921515,-96.385056,config_1
1154,38.161755,-97.13706,config_1
1155,48.33906,-115.84002,config_1
1156,43.37856,-124.25869,config_1
1157,37.982258,-96.70695,config_1
1158,44.953884,-120.930275,config_1
1159,36.630634,-95.14146,config_1
1160,36.68857,-104.47838,config_1
1161,45.41502,-121.97162,config_1
1162,37.49685,-94.88367,config_1
1163,44.24823,-123.059746,config_1
1164,36.277943,-115.122475,config_1
1165,37.624546,-98.755135,config_1
1166,41.11179,-95.94028,config_1
1167,30.126032,-97.845024,config_1
1168,45.498028,-122.62667,config_1
1169,39.84595,-95.304565,config_1
1170,39.415,-120.02204,config_1
1171,40.617924,-100.60666,config_1
1172,30.186892,-96.73709,config_1
1173,42.02805,-107.37423,config_1
1174,38.587406,-119.77528,config_1
1175,35.18811,-97.43753,config_1
1176,37.009136,-106.85728,config_1
1177,45.044907,-111.64818,config_1
1178,38.356438,-97.26395,config_1
1179,36.142986,-95.89299,config_1
1180,37.529438,-117.19195,config_1
1181,35.971947,-114.69824,config_1
1182,39.719936,-120.03481,config_1
1183,38.18502,-95.0543,config_1
1184,29.59179,-95.68011,config_1
1185,30.276798,-97.78026,config_1
1186,43.37634,-123.45104,config_1
1187,41.25692,-105.47135,config_1
1188,43.897854,-124.11788,config_1
1189,31.483557,-97.15199,config_1
1190,34.291027,-96.64248,config_1
1191,30.3414,-97.58005,config_1
1192,45.439045,-122.693634,config_1
1193,47.178257,-113.362785,config_1
1194,34.726727,-95.90055,config_1
1195,46.22162,-113.240395,config_1
1196,39.006382,-119.781364,config_1
1197,46.462772,-116.98602,config_1
1198,45.609657,-121.20539,config_1
1199,45.2502,-122.94021,config_1
1200,36.13681,-95.80141,config_1
1201,36.22493,-96.8306,config_1
1202,39.516983,-96.24039,config_1
1203,30.528894,-97.843056,config_1
1204,38.069363,-99.13575,config_1
1205,43.20077,-110.88025,config_1
1206,45.789547,-108.497826,config_1
1207,47.353912,-113.59613,config_1
1208,32.315464,-106.74489,config_1
1209,32.720184,-96.90256,config_1
1210,43.682407,-116.394485,config_1
1211,43.631336,-116.207466,config_1
1212,42.52511,-122.83128,config_1
1213,36.810703,-116.903885,config_1
1214,42.58837,-97.63043,config_1
1215,45.65449,-121.49101,config_1
1216,46.68977,-112.01401,config_1
1217,34.11822,-96.7145,config_1
1218,33.57948,-101.70299,config_1
1219,37.862106,-95.006165,config_1
1220,45.48949,-122.69861,config_1
1221,41.82092,-106.037766,config_1
1222,38.357243,-96.27442,config_1
1223,38.059776,-99.91099,config_1
1224,39.354214,-97.36028,config_1
1225,43.55471,-116.61153,config_1
1226,45.441936,-111.719635,config_1
1227,34.49396,-97.40755,config_1
1228,35.36475,-95.574196,config_1
1229,39.095665,-94.6618,config_1
1230,37.75863,-97.33881,config_1
1231,37.450287,-117.16815,config_1
1232,33.8964,-96.50283,config_1
1233,38.55164,-95.299934,config_1
1234,47.403416,-115.479675,config_1
1235,38.939667,-96.2438,config_1
1236,40.853622,-96.678154,config_1
1237,36.1081,-115.22024,config_1
1238,34.585194,-96.93717,config_1
1239,36.743214,-114.400734,config_1
1240,29.768927,-98.67285,config_1
1241,41.414967,-105.86257,config_1
1242,38.20503,-99.14763,config_1
1243,32.90967,-96.66759,config_1
1244,35.077827,-106.72156,config_1
1245,37.9165,-94.70535,config_1
1246,29.649218,-98.63461,config_1
1247,33.031044,-96.72853,config_1
1248,45.90014,-123.93242,config_1
1249,35.339314,-115.95264,config_1
1250,34.265472,-96.2064,config_1
1251,37.181572,-95.73916,config_1
1252,39.5969,-95.72611,config_1
1253,38.90287,-95.24144,config_1
1254,43.7766,-116.26176,config_1
1255,37.997787,-101.82126,config_1
1256,40.02233,-99.409096,config_1
1257,36.14839,-115.14877,config_1
1258,33.05866,-97.09353,config_1
1259,48.223225,-115.84814,config_1
1260,39.05511,-96.41144,config_1
1261,32.931877,-96.82044,config_1
1262,45.4455,-122.82641,config_1
1263,36.22094,-115.320656,config_1
1264,43.16446,-108.26738,config_1
1265,41.765347,-113.50108,config_1
1266,31.089024,-95.95787,config_1
1267,45.127228,-122.73271,config_1
1268,39.146416,-100.86966,config_1
1269,40.021515,-118.66036,config_1
1270,39.609535,-119.161766,config_1
1271,36.15387,-95.93691,config_1
1272,36.01075,-96.01419,config_1
1273,39.308754,-100.96502,config_1
1274,38.9097,-94.678085,config_1
1275,43.646553,-116.45068,config_1
1276,45.55474,-118.61192,config_1
1277,40.154934,-98.918594,config_1
1278,43.592136,-116.27316,config_1
1279,32.8823,-101.01282,config_1
1280,45.37254,-111.181305,config_1
1281,34.894394,-95.64558,config_1
1282,35.72568,-96.399155,config_1
1283,36.108856,-95.870186,config_1
1284,37.63901,-96.25571,config_1
1285,40.682663,-99.09493,config_1
1286,42.727295,-110.9335,config_1
1287,43.073257,-107.00596,config_1
1288,35.955727,-116.33198,config_1
1289,34.450375,-96.20672,config_1
1290,40.549225,-98.2328,config_1
1291,41.22438,-96.29858,config_1
1292,41.311935,-96.081795,config_1
1293,37.153893,-97.84719,config_1
1294,36.021015,-115.26907,config_1
1295,45.56595,-123.11683,config_1
1296,44.498775,-121.99159,config_1
1297,45.22119,-109.49488,config_1
1298,38.26014,-118.082596,config_1
1299,42.729286,-108.62797,config_1
1300,48.19214,-114.3457,config_1
1301,44.89936,-110.248085,config_1
1302,38.57144,-98.268654,config_1
1303,35.72836,-96.75607,config_1
1304,30.10466,-98.38853,config_1
1305,44.03459,-123.81838,config_1
1306,43.59309,-109.77484,config_1
1307,30.351742,-97.673485,config_1
1308,45.47187,-122.69294,config_1
1309,37.326084,-94.84806,config_1
1310,41.698105,-113.53455,config_1
1311,46.448345,-111.63181,config_1
1312,35.034767,-104.39846,config_1
1313,45.445114,-122.76411,config_1
1314,38.17402,-97.84602,config_1
1315,29.416302,-98.5005,config_1
1316,38.07935,-117.26775,config_1
1317,29.690012,-96.83678,config_1
1318,33.00702,-97.032776,config_1
1319,43.68645,-116.36013,config_1
1320,30.300293,-97.706375,config_1
1321,47.045345,-114.74455,config_1
1322,37.196163,-95.443596,config_1
1323,35.57243,-102.62567,config_1
1324,44.091,-123.07973,config_1
1325,41.027622,-96.30443,config_1
1326,36.721207,-94.94607,config_1
1327,38.391144,-97.66412,config_1
1328,42.45133,-107.566154,config_1
1329,30.873087,-96.908966,config_1
1330,39.020813,-96.15223,config_1
1331,47.820396,-116.807755,config_1
1332,46.2749,-108.473526,config_1
1333,36.71045,-107.617714,config_1
1334,36.712826,-101.42902,config_1
1335,32.77248,-97.04332,config_1
1336,41.47437,-106.00736,config_1
1337,44.99698,-108.62441,config_1
1338,43.12235,-123.36526,config_1
1339,39.274452,-96.75324,config_1
1340,35.089428,-106.57697,config_1
1341,30.350685,-97.72882,config_1
1342,36.130466,-115.32461,config_1
1343,30.118956,-97.600266,config_1
1344,46.61598,-112.60124,config_1
1345,45.20675,-123.22655,config_1
1346,32.763344,-96.6682,config_1
1347,35.028954,-107.39419,config_1
1348,30.909904,-97.88938,config_1
1349,36.36722,-114.90362,config_1
1350,35.96039,-115.103226,config_1
1351,44.958492,-109.80197,config_1
1352,35.127876,-103.88442,config_1
1353,45.52455,-122.88548,config_1
1354,36.140114,-115.44638,config_1
1355,34.94444,-107.07989,config_1
1356,43.63873,-110.680756,config_1
1357,35.77874,-115.33051,config_1
1358,37.91608,-99.41546,config_1
1359,30.451262,-97.82351,config_1
1360,34.52084,-97.219246,config_1
1361,31.925865,-106.61473,config_1
1362,45.420284,-122.65839,config_1
1363,45.52078,-122.5735,config_1
1364,38.45172,-95.96877,config_1
1365,36.652702,-98.043564,config_1
1366,40.693913,-99.369354,config_1
1367,30.229698,-97.83869,config_1
1368,34.00942,-97.16326,config_1
1369,48.022945,-115.020615,config_1
1370,37.480343,-100.8521,config_1
1371,38.947525,-97.2472,config_1
1372,48.439415,-115.65917,config_1
1373,40.933216,-98.31703,config_1
1374,40.53613,-98.93509,config_1
1375,29.471302,-98.27179,config_1
1376,45.77656,-111.75919,config_1
1377,44.579456,-123.1812,config_1
1378,43.478054,-116.44866,config_1
1379,33.998856,-96.21046,config_1
1380,36.88165,-95.10293,config_1
1381,40.515076,-101.63602,config_1
1382,34.778503,-96.57165,config_1
1383,43.47267,-116.36232,config_1
1384,32.66806,-95.29022,config_1
1385,34.271202,-96.419235,config_1
1386,39.87642,-99.65036,config_1
1387,45.40521,-111.21927,config_1
1388,41.603027,-109.25014,config_1
1389,38.52841,-118.60234,config_1
1390,37.785843,-95.46206,config_1
1391,47.270958,-113.55599,config_1
1392,46.489094,-113.233116,config_1
1393,33.689213,-96.59823,config_1
1394,47.577858,-116.444336,config_1
1395,40.810276,-97.6572,config_1
1396,35.663506,-97.27549,config_1
1397,37.94211,-97.880035,config_1
1398,48.073837,-113.97657,config_1
1399,43.709805,-116.42746,config_1
1400,34.950333,-95.31798,config_1
1401,37.07009,-106.39436,config_1
1402,36.367737,-95.48832,config_1
1403,32.02807,-106.66901,config_1
1404,35.417614,-115.751015,config_1
1405,30.139263,-97.68406,config_1
1406,47.367847,-115.33421,config_1
1407,39.843555,-119.376495,config_1
1408,45.523174,-122.604866,config_1
1409,45.45711,-122.623726,config_1
1410,36.485867,-101.81026,config_1
1411,37.316147,-98.82463,config_1
1412,37.401783,-95.4907,config_1
1413,43.099125,-108.91961,config_1
1414,39.473152,-119.7786,config_1
1415,35.759308,-97.459404,config_1
1416,31.455748,-96.076035,config_1
1417,47.45943,-115.72426,config_1
1418,33.509033,-97.16509,config_1
1419,45.44509,-122.58433,config_1
1420,43.62851,-116.91839,config_1
1421,35.558407,-105.8699,config_1
1422,42.978153,-124.41375,config_1
1423,34.65485,-97.339,config_1
1424,38.671627,-94.8357,config_1
1425,37.854935,-95.821365,config_1
1426,45.50899,-122.92903,config_1
1427,47.316887,-115.23052,config_1
1428,34.02797,-96.37285,config_1
1429,48.211784,-114.15949,config_1
1430,35.627113,-105.19509,config_1
1431,45.712795,-107.65265,config_1
1432,32.82375,-96.63446,config_1
1433,41.11677,-95.9646,config_1
1434,32.828117,-96.88456,config_1
1435,41.355133,-102.23491,config_1
1436,32.889847,-96.79373,config_1
1437,35.19763,-96.675095,config_1
1438,34.15812,-97.104454,config_1
1439,35.57238,-95.49185,config_1
1440,39.502945,-119.81513,config_1
1441,39.51821,-119.627625,config_1
1442,39.050438,-95.66524,config_1
1443,31.041502,-97.392265,config_1
1444,48.47037,-113.15547,config_1
1445,43.77117,-116.485886,config_1
1446,41.816505,-113.25261,config_1
1447,44.42698,-116.00044,config_1
1448,38.085262,-98.004486,config_1
1449,36.03595,-95.69995,config_1
1450,45.484745,-121.612144,config_1
1451,39.025387,-96.76177,config_1
1452,40.898335,-115.70257,config_1
1453,42.14888,-109.45234,config_1
1454,46.576794,-113.20197,config_1
1455,41.31621,-105.61237,config_1
1456,32.733067,-96.79962,config_1
1457,34.455025,-96.05905,config_1
1458,36.33445,-97.01375,config_1
1459,31.6178,-98.7638,config_1
1460,41.775284,-107.45877,config_1
1461,39.82208,-99.966225,config_1
1462,27.755886,-97.30487,config_1
1463,36.013397,-115.085686,config_1
1464,44.48593,-109.0175,config_1
1465,45.78403,-108.56775,config_1
1466,36.07731,-96.07795,config_1
1467,37.760445,-99.88916,config_1
1468,36.12241,-115.101166,config_1
1469,43.03667,-110.13587,config_1
1470,41.034832,-117.7949,config_1
1471,36.00208,-115.08728,config_1
1472,32.689262,-96.21972,config_1
1473,45.575737,-123.94134,config_1
1474,40.440647,-98.473564,config_1
1475,36.8596,-116.75955,config_1
1476,33.164356,-96.43325,config_1
1477,32.407005,-98.976776,config_1
1478,39.27634,-94.91653,config_1
1479,29.817411,-98.365654,config_1
1480,39.64455,-119.8463,config_1
1481,45.368565,-108.90757,config_1
1482,45.525364,-122.692604,config_1
1483,45.343903,-122.957565,config_1
1484,35.913033,-94.826225,config_1
1485,39.41394,-96.18453,config_1
1486,42.936745,-122.419815,config_1
1487,40.814484,-97.2844,config_1
1488,39.334938,-101.711205,config_1
1489,48.40045,-114.059875,config_1
1490,43.584335,-116.24671,config_1
1491,35.4675,-95.54028,config_1
1492,39.181583,-96.57208,config_1
1493,32.954155,-96.47315,config_1
1494,36.23863,-115.13857,config_1
1495,38.183224,-96.46816,config_1
1496,38.723423,-95.980965,config_1
1497,41.733616,-106.65117,config_1
1498,38.278816,-95.24079,config_1
1499,35.24816,-105.80713,config_1
1500,34.205833,-96.23574,config_1
1501,29.093798,-98.430855,config_1
1502,30.3103,-97.89942,config_1
1503,39.594097,-119.73901,config_1
1504,37.207447,-98.0667,config_1
1505,45.252903,-122.77788,config_1
1506,41.94648,-111.49214,config_1
1507,38.955345,-95.990456,config_1
1508,42.499004,-110.06795,config_1
1509,43.463326,-116.46979,config_1
1510,34.761555,-97.10714,config_1
1511,45.55172,-122.86112,config_1
1512,45.78768,-109.83116,config_1
1513,34.56016,-96.63316,config_1
1514,37.976578,-101.15239,config_1
1515,35.996433,-95.799644,config_1
1516,29.588833,-95.38467,config_1
1517,32.905758,-96.73371,config_1
1518,36.407757,-117.17346,config_1
1519,45.250374,-123.161316,config_1
1520,45.89296,-108.816444,config_1
1521,39.854458,-96.314186,config_1
1522,45.35479,-109.1671,config_1
1523,36.641724,-114.59063,config_1
1524,30.435219,-97.67976,config_1
1525,39.510254,-119.85869,config_1
1526,38.458878,-96.40975,config_1
1527,42.03901,-96.26078,config_1
1528,43.754585,-123.112236,config_1
1529,43.01888,-120.783104,config_1
1530,43.694736,-123.209785,config_1
1531,45.733368,-110.214226,config_1
1532,44.48976,-121.18943,config_1
1533,48.39054,-115.56545,config_1
1534,45.041515,-109.41696,config_1
1535,38.78992,-96.5452,config_1
1536,42.72809,-110.93352,config_1
1537,45.451176,-122.539566,config_1
1538,40.11885,-97.145226,config_1
1539,39.533966,-96.7768,config_1
1540,30.019844,-98.1403,config_1
1541,40.944523,-96.44912,config_1
1542,41.77171,-107.07472,config_1
1543,48.089615,-116.0471,config_1
1544,37.037678,-97.585625,config_1
1545,44.522564,-110.83183,config_1
1546,32.74315,-97.08646,config_1
1547,42.98606,-115.35029,config_1
1548,39.296703,-119.802444,config_1
1549,35.80653,-105.96531,config_1
1550,39.05879,-95.5904,config_1
1551,29.590158,-98.374985,config_1
1552,43.538425,-116.32869,config_1
1553,37.549343,-97.070045,config_1
1554,41.279057,-96.191536,config_1
1555,40.81521,-98.37155,config_1
1556,32.775192,-96.90203,config_1
1557,36.20265,-114.95033,config_1
1558,38.96714,-119.90959,config_1
1559,43.65867,-116.487175,config_1
1560,34.645638,-97.18726,config_1
1561,35.384666,-96.50855,config_1
1562,36.07547,-115.29268,config_1
1563,45.664173,-111.18818,config_1
1564,46.65285,-110.855156,config_1
1565,37.336895,-95.05939,config_1
1566,40.274036,-96.76426,config_1
1567,30.035849,-95.513054,config_1
1568,43.74118,-123.1829,config_1
1569,43.136246,-121.06132,config_1
1570,39.335674,-96.87616,config_1
1571,36.729927,-116.96916,config_1
1572,39.2446,-96.68329,config_1
1573,36.13078,-115.31746,config_1
1574,32.85622,-97.3107,config_1
1575,45.511795,-105.68359,config_1
1576,34.349552,-96.63863,config_1
1577,38.60898,-118.719925,config_1
1578,39.589405,-119.81273,config_1
1579,47.46649,-115.824,config_1
1580,45.207146,-121.10275,config_1
1581,41.15939,-105.57284,config_1
1582,37.921867,-95.27794,config_1
1583,32.79969,-106.23426,config_1
1584,44.710873,-122.07938,config_1
1585,36.727623,-95.615135,config_1
1586,45.40891,-122.75899,config_1
1587,48.12562,-114.26457,config_1
1588,45.21295,-108.81077,config_1
1589,36.199078,-115.97666,config_1
1590,40.95693,-110.84405,config_1
1591,36.234512,-115.29983,config_1
1592,32.409225,-97.21771,config_1
1593,46.699173,-113.6837,config_1
1594,41.691853,-96.5018,config_1
1595,39.71398,-119.89843,config_1
1596,38.80214,-94.93834,config_1
1597,45.57304,-122.84883,config_1
1598,38.794376,-98.15158,config_1
1599,41.96567,-113.01412,config_1
1600,30.709354,-98.31411,config_1
1601,46.135517,-112.17752,config_1
1602,45.602932,-109.12414,config_1
1603,40.6645,-98.84542,config_1
1604,30.354767,-97.94692,config_1
1605,39.433212,-96.58447,config_1
1606,45.088036,-116.28036,config_1
1607,38.294067,-94.67689,config_1
1608,34.42324,-96.445435,config_1
1609,41.208668,-96.62864,config_1
1610,41.331436,-110.454025,config_1
1611,30.487207,-97.67057,config_1
1612,40.450535,-118.27345,config_1
1613,37.781185,-94.70418,config_1
1614,43.815567,-110.52474,config_1
1615,47.49713,-114.10349,config_1
1616,37.54581,-94.70534,config_1
1617,35.174545,-106.66563,config_1
1618,36.061985,-95.79776,config_1
1619,34.83115,-97.58363,config_1
1620,47.991085,-114.32148,config_1
1621,44.421303,-110.56047,config_1
1622,45.88166,-119.12715,config_1
1623,44.768776,-106.99494,config_1
1624,36.092342,-95.99876,config_1
1625,48.32034,-114.15956,config_1
1626,38.732277,-95.27155,config_1
1627,40.648415,-98.38244,config_1
1628,38.823837,-96.345505,config_1
1629,29.774174,-95.69678,config_1
1630,37.00463,-94.68884,config_1
1631,43.699104,-116.171646,config_1
1632,36.313297,-115.22749,config_1
1633,36.2944,-95.86719,config_1
1634,38.854416,-96.12784,config_1
1635,38.52567,-118.26022,config_1
1636,44.956894,-122.98289,config_1
1637,39.633396,-96.74389,config_1
1638,35.261402,-97.591034,config_1
1639,44.98069,-124.00572,config_1
1640,37.658024,-97.32854,config_1
1641,43.237934,-124.30148,config_1
1642,43.51068,-116.436615,config_1
1643,32.666004,-97.05551,config_1
1644,41.19699,-96.07682,config_1
1645,39.418156,-95.10871,config_1
1646,39.669346,-119.98271,config_1
1647,35.598804,-115.39491,config_1
1648,30.238506,-97.918495,config_1
1649,45.081406,-123.947105,config_1
1650,39.250916,-119.9504,config_1
1651,44.01386,-123.0815,config_1
1652,35.13102,-97.67279,config_1
1653,43.59816,-121.50325,config_1
1654,36.61957,-95.93344,config_1
1655,39.529034,-119.71689,config_1
1656,36.73994,-108.25981,config_1
1657,32.361427,-96.62615,config_1
1658,34.518703,-96.39252,config_1
1659,46.71271,-109.7548,config_1
1660,48.255432,-115.84677,config_1
1661,45.358143,-122.75213,config_1
1662,42.01461,-122.62175,config_1
1663,42.189575,-113.03464,config_1
1664,34.143578,-96.85204,config_1
1665,40.42556,-96.79576,config_1
1666,32.840714,-96.682976,config_1
1667,47.05116,-104.67655,config_1
1668,35.058727,-106.64244,config_1
1669,38.874546,-115.225685,config_1
1670,39.048203,-114.01951,config_1
1671,40.96726,-98.456276,config_1
1672,43.248848,-121.154854,config_1
1673,38.103535,-94.710175,config_1
1674,42.64999,-97.81546,config_1
1675,36.096275,-115.222,config_1
1676,32.843075,-96.92717,config_1
1677,38.66054,-96.20267,config_1
1678,45.431255,-122.79445,config_1
1679,38.933548,-94.60759,config_1
1680,38.992638,-95.60174,config_1
1681,38.86069,-101.92847,config_1
1682,43.62949,-116.302666,config_1
1683,41.708252,-96.041275,config_1
1684,30.714317,-95.58858,config_1
1685,35.79948,-96.045845,config_1
1686,45.720238,-110.47756,config_1
1687,36.07783,-115.0147,config_1
1688,45.57849,-108.844505,config_1
1689,41.65297,-106.32404,config_1
1690,32.75573,-96.81966,config_1
1691,46.949448,-114.11878,config_1
1692,41.191513,-96.42758,config_1
1693,30.49693,-97.66486,config_1
1694,45.824703,-109.96091,config_1
1695,32.887688,-96.94693,config_1
1696,45.747387,-111.172874,config_1
1697,29.553867,-97.94271,config_1
1698,43.137794,-123.42408,config_1
1699,29.391747,-94.71144,config_1
1700,30.385553,-97.860954,config_1
1701,39.027733,-101.31281,config_1
1702,43.731167,-116.31849,config_1
1703,45.55554,-122.4448,config_1
1704,39.54941,-119.77958,config_1
1705,40.150642,-101.2243,config_1
1706,45.567986,-122.681496,config_1
1707,42.612812,-108.23671,config_1
1708,39.01757,-95.155266,config_1
1709,36.15855,-115.216995,config_1
1710,45.78531,-108.5798,config_1
1711,34.3766,-96.252815,config_1
1712,32.818832,-96.74511,config_1
1713,30.19363,-98.21712,config_1
1714,38.4143,-95.25499,config_1
1715,45.51594,-122.985245,config_1
1716,43.529472,-116.14232,config_1
1717,37.167152,-97.36052,config_1
1718,45.60564,-122.82208,config_1
1719,42.74248,-120.730965,config_1
1720,45.63554,-121.98321,config_1
1721,46.17777,-112.78598,config_1
1722,32.941353,-97.16622,config_1
1723,33.07752,-96.618256,config_1
1724,38.85867,-95.496635,config_1
1725,39.585606,-119.71724,config_1
1726,41.775047,-104.86,config_1
1727,44.812756,-116.08182,config_1
1728,45.50223,-122.96633,config_1
1729,40.80929,-96.71891,config_1
1730,34.17797,-97.00018,config_1
1731,48.395443,-116.53836,config_1
1732,41.075104,-95.88531,config_1
1733,39.604485,-119.84093,config_1
1734,34.17494,-97.15872,config_1
1735,40.821747,-98.04673,config_1
1736,47.68652,-113.80409,config_1
1737,40.02385,-96.751175,config_1
1738,36.259426,-95.65957,config_1
1739,34.371895,-96.32833,config_1
1740,36.427937,-97.32664,config_1
1741,34.82142,-97.50369,config_1
1742,36.31979,-115.2798,config_1
1743,44.727493,-110.49161,config_1
1744,42.156456,-110.9854,config_1
1745,41.24732,-96.54238,config_1
1746,42.98853,-122.131516,config_1
1747,43.476524,-121.40989,config_1
1748,40.866657,-96.842094,config_1
1749,32.825504,-96.81385,config_1
1750,29.701227,-98.49773,config_1
1751,47.547512,-116.21142,config_1
1752,36.32584,-116.54647,config_1
1753,45.503246,-122.43333,config_1
1754,34.750095,-95.89421,config_1
1755,32.656334,-97.021286,config_1
1756,37.31874,-94.6797,config_1
1757,38.35841,-96.96223,config_1
1758,32.085583,-98.319435,config_1
1759,43.127617,-120.92015,config_1
1760,35.17198,-97.42606,config_1
1761,33.27696,-94.881165,config_1
1762,38.232044,-95.256935,config_1
1763,34.297813,-103.16223,config_1
1764,39.840504,-97.67921,config_1
1765,32.67264,-96.75396,config_1
1766,41.140003,-95.895676,config_1
1767,46.51777,-110.41612,config_1
1768,38.950626,-94.79343,config_1
1769,46.862247,-114.032265,config_1
1770,32.915535,-97.062454,config_1
1771,37.19328,-95.28902,config_1
1772,41.005447,-98.602356,config_1
1773,42.621037,-109.65237,config_1
1774,43.548355,-116.283554,config_1
1775,36.13995,-96.098564,config_1
1776,39.3865,-99.661804,config_1
1777,39.45426,-96.99321,config_1
1778,29.532032,-98.3313,config_1
1779,37.19306,-95.35719,config_1
1780,36.13346,-115.094734,config_1
1781,42.489883,-97.813324,config_1
1782,43.567364,-116.409424,config_1
1783,35.111977,-96.67796,config_1
1784,37.16542,-95.12415,config_1
1785,45.58794,-123.00216,config_1
1786,41.10768,-98.00751,config_1
1787,35.57127,-95.6567,config_1
1788,34.308865,-97.18459,config_1
1789,39.392876,-115.51272,config_1
1790,39.236343,-119.78935,config_1
1791,41.983025,-113.17078,config_1
1792,43.54052,-116.38843,config_1
1793,41.97161,-96.89065,config_1
1794,42.975407,-111.012474,config_1
1795,32.75797,-96.75072,config_1
1796,46.70168,-116.93493,config_1
1797,34.74569,-97.208015,config_1
1798,41.06738,-105.48699,config_1
1799,34.210793,-96.90697,config_1
1800,44.87573,-117.85052,config_1
1801,30.29106,-97.65502,config_1
1802,39.197754,-94.86716,config_1
1803,45.52195,-110.215225,config_1
1804,29.321255,-98.40274,config_1
1805,48.189137,-116.58198,config_1
1806,39.8391,-118.94522,config_1
1807,36.152187,-115.165726,config_1
1808,44.563095,-110.398544,config_1
1809,41.52701,-109.92431,config_1
1810,35.91247,-114.629166,config_1
1811,37.000145,-104.48301,config_1
1812,39.874958,-96.62859,config_1
1813,45.420597,-122.83338,config_1
1814,35.506622,-98.957954,config_1
1815,32.647133,-97.21526,config_1
1816,40.65848,-99.03629,config_1
1817,45.492714,-122.89583,config_1
1818,35.96486,-114.876595,config_1
1819,38.041046,-95.16992,config_1
1820,34.540787,-96.25126,config_1
1821,29.786041,-95.305534,config_1
1822,36.797405,-114.12923,config_1
1823,36.376247,-114.44621,config_1
1824,45.68379,-111.024635,config_1
1825,33.04063,-97.0203,config_1
1826,46.857105,-113.98887,config_1
1827,39.995705,-120.077515,config_1
1828,39.20013,-119.92819,config_1
1829,36.04637,-115.15855,config_1
1830,39.749012,-102.077354,config_1
1831,41.189735,-96.05012,config_1
1832,34.164394,-96.5205,config_1
1833,46.70902,-116.865395,config_1
1834,35.764694,-105.82397,config_1
1835,36.69757,-106.559875,config_1
1836,38.941902,-95.18334,config_1
1837,35.8397,-106.27806,config_1
1838,43.56008,-124.2019,config_1
1839,39.099537,-119.92023,config_1
1840,42.693974,-123.35633,config_1
1841,38.32819,-95.23387,config_1
1842,30.551485,-97.65907,config_1
1843,48.04099,-115.352,config_1
1844,42.179386,-120.25657,config_1
1845,32.694817,-96.8738,config_1
1846,44.643566,-110.89986,config_1
1847,30.494987,-97.76218,config_1
1848,37.556335,-97.939926,config_1
1849,32.60943,-97.355835,config_1
1850,32.77748,-97.23365,config_1
1851,37.758076,-96.97701,config_1
1852,34.60035,-96.85333,config_1
1853,45.52847,-122.907906,config_1
1854,33.093918,-97.02674,config_1
1855,48.44426,-113.21404,config_1
1856,32.464268,-95.35011,config_1
1857,39.139618,-96.67242,config_1
1858,36.15244,-115.3465,config_1
1859,43.54701,-116.4434,config_1
1860,40.91213,-97.127716,config_1
1861,45.486156,-122.80191,config_1
1862,45.58961,-122.746216,config_1
1863,42.29961,-107.45652,config_1
1864,35.29021,-107.97924,config_1
1865,32.922634,-96.87822,config_1
1866,47.71628,-116.92128,config_1
1867,39.3843,-119.738335,config_1
1868,41.120712,-96.02945,config_1
1869,39.12613,-96.53231,config_1
1870,43.186077,-123.43355,config_1
1871,39.43234,-98.08167,config_1
1872,42.005505,-96.461365,config_1
1873,36.564865,-115.642334,config_1
1874,32.639473,-96.84804,config_1
1875,36.24846,-115.3207,config_1
1876,34.790985,-96.72273,config_1
1877,36.197235,-115.247925,config_1
1878,31.984795,-96.6168,config_1
1879,46.866146,-114.0061,config_1
1880,30.219376,-97.68527,config_1
1881,43.491993,-110.79079,config_1
1882,45.351814,-122.65194,config_1
1883,33.993443,-96.929565,config_1
1884,48.33256,-113.33266,config_1
1885,41.96902,-112.79701,config_1
1886,44.647343,-124.056366,config_1
1887,45.099464,-108.2353,config_1
1888,33.12996,-95.65318,config_1
1889,35.43844,-105.95285,config_1
1890,45.419582,-111.23192,config_1
1891,36.27286,-115.030266,config_1
1892,43.603203,-111.729675,config_1
1893,37.918953,-97.313705,config_1
1894,45.648655,-123.224014,config_1
1895,45.488556,-122.68234,config_1
1896,39.73087,-101.08468,config_1
1897,45.862827,-111.37076,config_1
1898,48.713116,-116.29244,config_1
1899,37.71332,-97.33528,config_1
1900,35.003437,-103.25613,config_1
1901,45.270267,-121.70993,config_1
1902,45.496613,-122.56394,config_1
1903,34.17214,-96.40637,config_1
1904,37.960106,-98.57891,config_1
1905,45.51956,-122.672874,config_1
1906,40.78609,-98.446915,config_1
1907,44.747864,-124.06037,config_1
1908,46.352303,-108.67435,config_1
1909,34.17147,-97.21218,config_1
1910,31.630842,-98.14913,config_1
1911,36.481388,-114.527084,config_1
1912,35.899197,-95.52043,config_1
1913,36.267654,-115.598755,config_1
1914,33.04076,-97.00435,config_1
1915,34.83826,-96.67657,config_1
1916,36.266857,-115.031654,config_1
1917,43.671253,-116.27427,config_1
1918,35.083656,-106.64278,config_1
1919,45.870228,-111.70622,config_1
1920,45.22491,-111.24887,config_1
1921,36.87223,-97.35099,config_1
1922,35.25832,-95.58944,config_1
1923,34.206615,-96.71271,config_1
1924,36.058945,-95.961296,config_1
1925,45.541656,-122.77616,config_1
1926,29.453188,-98.38957,config_1
1927,35.812973,-95.067444,config_1
1928,32.55574,-97.09203,config_1
1929,45.49996,-122.754295,config_1
1930,37.55449,-99.30356,config_1
1931,45.519897,-122.36859,config_1
1932,46.123775,-111.49441,config_1
1933,46.822174,-112.85263,config_1
1934,30.26027,-97.73283,config_1
1935,32.08321,-106.79021,config_1
1936,38.226856,-96.745995,config_1
1937,38.975956,-94.94989,config_1
1938,39.60132,-119.83483,config_1
1939,40.85075,-98.27427,config_1
1940,33.801586,-97.13655,config_1
1941,43.573563,-116.32868,config_1
1942,41.205208,-95.94783,config_1
1943,34.97742,-109.13128,config_1
1944,32.854393,-97.19713,config_1
1945,35.460636,-115.62048,config_1
1946,39.050564,-119.11709,config_1
1947,43.64862,-116.22348,config_1
1948,43.836483,-116.227554,config_1
1949,36.857624,-102.17286,config_1
1950,45.455833,-122.56988,config_1
1951,41.43862,-97.32055,config_1
1952,43.624916,-116.21415,config_1
1953,30.261032,-97.714516,config_1
1954,37.595066,-117.20872,config_1
1955,44.800053,-109.449326,config_1
1956,32.94985,-96.69865,config_1
1957,43.564934,-110.74192,config_1
1958,45.566578,-122.89921,config_1
1959,35.985687,-97.09341,config_1
1960,36.068558,-115.189804,config_1
1961,35.419415,-97.4886,config_1
1962,35.62748,-97.58615,config_1
1963,33.999416,-96.52759,config_1
1964,35.937977,-95.647705,config_1
1965,43.613636,-116.2265,config_1
1966,44.0534,-110.6845,config_1
1967,45.458073,-122.50254,config_1
1968,34.70637,-96.73291,config_1
1969,42.85379,-112.38881,config_1
1970,33.052837,-97.03528,config_1
1971,36.48269,-114.757866,config_1
1972,39.367805,-101.25053,config_1
1973,44.36989,-121.217896,config_1
1974,43.15471,-110.30941,config_1
1975,38.985825,-95.695404,config_1
1976,32.808178,-96.68521,config_1
1977,36.062893,-115.28314,config_1
1978,36.29573,-115.32573,config_1
1979,44.241417,-116.09301,config_1
1980,43.534706,-116.360214,config_1
1981,36.558163,-114.68789,config_1
1982,42.92409,-106.43882,config_1
1983,44.930077,-111.607635,config_1
1984,41.094925,-96.1427,config_1
1985,42.442516,-123.35232,config_1
1986,35.41894,-96.28858,config_1
1987,41.350906,-105.73222,config_1
1988,29.746859,-96.07018,config_1
1989,44.09367,-123.11112,config_1
1990,45.14052,-122.83745,config_1
1991,43.302734,-111.13739,config_1
1992,35.849133,-104.950386,config_1
1993,44.063206,-116.112686,config_1
1994,37.999912,-98.26619,config_1
1995,34.489117,-97.07057,config_1
